﻿<?xml version="1.0" encoding="utf-8" standalone="yes"?>
<InfoWarnings>
  <Info>Begin full analysis with NDepend v2019.2.6</Info>
  <Info>Output directory overridden by command line argument: C:\Users\320050767\Source\Repos\G7CaseStudy13\StaticAnalyzer\StaticAnalysisReports</Info>
  <Info>.NET Assembly resolved from the Visual Studio solution file {C:\Users\320050767\Source\Repos\G7CaseStudy13\HelloWorld\HelloWorld.sln}
   C:\Users\320050767\Source\Repos\G7CaseStudy13\HelloWorld\HelloWorld\bin\Debug\HelloWorld.exe</Info>
  <Info>No .NET Assembly filtered out from the Visual Studio solution file {C:\Users\320050767\Source\Repos\G7CaseStudy13\HelloWorld\HelloWorld.sln}.</Info>
  <Info>Serial mode</Info>
  <Info>.NET Assembly loaded from {C:\windows\Microsoft.NET\Framework\v4.0.30319} 
   mscorlib.dll   v4.0.0.0</Info>
  <Info>2 source files parsed ; all source files found ; all source files in-sync with PDB</Info>
  <Info>0 code rule has been extracted from code.</Info>
  <Info>No dependency cycle detected in assemblies referencement graph.</Info>
  <Info>Do merge code generated by compiler into application code.</Info>
  <Info>Analyse dependencies of your application.</Info>
  <Info>No SuppressMessageAttribute found in the analyzed code base. Since NDepend v2018.2 SuppressMessageAttribute can be used to suppress NDepend issues. Don't forget to set in your projects the compilation symbol CODE_ANALYSIS to use this attribute to suppress NDepend issues.</Info>
  <Info>Log trend metrics values.</Info>
  <Info>Execute queries and rules.</Info>
  <Info>NDepend analysis done. Duration: 00:18</Info>
  <Info>Building the report (standard).</Info>
</InfoWarnings>