<?xml version='1.0' encoding='ISO-8859-1'?>
<!DOCTYPE MetricsReport SYSTEM "C:\Users\320050767\Source\Repos\G7CaseStudy13\StaticAnalyzer\StaticAnalysisReports\CSharpMetricReport.dtd">
<MetricsReport>
<SystemSummary>
<SourceLines>862</SourceLines>
<CSharpCodeLines>733</CSharpCodeLines>
<CommentLines>41</CommentLines>
<Files>19</Files>
<Types>13</Types>
<Methods>54</Methods>
<AggregateCyclomaticComplexity>103</AggregateCyclomaticComplexity>
<MeanCyclomaticComplexity>1.91</MeanCyclomaticComplexity>
<MedianCyclomaticComplexity>1.00</MedianCyclomaticComplexity>
<Conditionals>51</Conditionals>
<DecisionDensity>2.08</DecisionDensity>
<MaxLoopDepth>2</MaxLoopDepth>
<MaxLoopDepthPosition><Position>
<FileName>C:/Users/320050767/Source/Repos/G7CaseStudy13/StaticAnalyzer/StaticAnalyzer/PluginWrappers/CSharpMetric/CSharpMetrics.cs</FileName>
<PackageName>%global_declaration_space%.StaticAnalyzer</PackageName>
<TypeName>CSharpMetrics</TypeName>
<LineNumber>104</LineNumber>
</Position>
</MaxLoopDepthPosition>
<MaxConditionalDepth>5</MaxConditionalDepth>
<MaxConditionalDepthPosition><Position>
<FileName>C:/Users/320050767/Source/Repos/G7CaseStudy13/StaticAnalyzer/StaticAnalyzer/PluginWrappers/NDeped/ParsingXmlNDepend.cs</FileName>
<PackageName>%global_declaration_space%.StaticAnalyzer</PackageName>
<TypeName>ParsingXmlNDepend</TypeName>
<LineNumber>23</LineNumber>
</Position>
</MaxConditionalDepthPosition>
<HalsteadUniqueOperators>192</HalsteadUniqueOperators>
<HalsteadUniqueOperands>722</HalsteadUniqueOperands>
<HalsteadOperatorOccurrence>1546</HalsteadOperatorOccurrence>
<HalsteadOperandOccurrence>1561</HalsteadOperandOccurrence>
<HalsteadProgramLength>3107</HalsteadProgramLength>
<HalsteadProgramVocabulary>914</HalsteadProgramVocabulary>
<HalsteadProgramVolume>30560.61</HalsteadProgramVolume>
<HalsteadProgramDifficulty>207.56</HalsteadProgramDifficulty>
<HalsteadProgramEffort>6343061.69</HalsteadProgramEffort>
<HalsteadBugPrediction>10.19</HalsteadBugPrediction>
<SEIMaintainabilityIndex>110.29</SEIMaintainabilityIndex>
</SystemSummary>
<FileMetricsList>
<FileMetrics>
<FileSummary>
<FileName>C:/Users/320050767/Source/Repos/G7CaseStudy13/StaticAnalyzer/StaticAnalyzer/Configuration/Configuration.cs</FileName>
<SourceLines>36</SourceLines>
<CSharpCodeLines>30</CSharpCodeLines>
<CommentLines>0</CommentLines>
<Types>1</Types>
<Methods>3</Methods>
<AggregateCyclomaticComplexity>4</AggregateCyclomaticComplexity>
<MeanCyclomaticComplexity>1.33</MeanCyclomaticComplexity>
<MedianCyclomaticComplexity>1.00</MedianCyclomaticComplexity>
<Conditionals>1</Conditionals>
<DecisionDensity>0.18</DecisionDensity>
<MaxLoopDepth>1</MaxLoopDepth>
<LineNumber>30</LineNumber>
<MaxConditionalDepth>1</MaxConditionalDepth>
<LineNumber>30</LineNumber>
<HalsteadUniqueOperators>13</HalsteadUniqueOperators>
<HalsteadUniqueOperands>39</HalsteadUniqueOperands>
<HalsteadOperatorOccurrence>60</HalsteadOperatorOccurrence>
<HalsteadOperandOccurrence>68</HalsteadOperandOccurrence>
<HalsteadProgramLength>128</HalsteadProgramLength>
<HalsteadProgramVocabulary>52</HalsteadProgramVocabulary>
<HalsteadProgramVolume>729.66</HalsteadProgramVolume>
<HalsteadProgramDifficulty>11.33</HalsteadProgramDifficulty>
<HalsteadProgramEffort>8269.44</HalsteadProgramEffort>
<HalsteadBugPrediction>0.24</HalsteadBugPrediction>
<SEIMaintainabilityIndex>110.57</SEIMaintainabilityIndex>
</FileSummary>
<TypeMetricsList>
<TypeMetrics>
<TypeSummary>
<TypeName>Configuration</TypeName>
<LineNumber>10</LineNumber>
<CSharpCodeLines>22</CSharpCodeLines>
<CommentLines>0</CommentLines>
<Methods>3</Methods>
<AggregateCyclomaticComplexity>4</AggregateCyclomaticComplexity>
<MeanCyclomaticComplexity>1.33</MeanCyclomaticComplexity>
<MedianCyclomaticComplexity>1.00</MedianCyclomaticComplexity>
<Conditionals>1</Conditionals>
<DecisionDensity>0.18</DecisionDensity>
<MaxLoopDepth>1</MaxLoopDepth>
<LineNumber>30</LineNumber>
<MaxConditionalDepth>1</MaxConditionalDepth>
<LineNumber>30</LineNumber>
<HalsteadUniqueOperators>11</HalsteadUniqueOperators>
<HalsteadUniqueOperands>22</HalsteadUniqueOperands>
<HalsteadOperatorOccurrence>38</HalsteadOperatorOccurrence>
<HalsteadOperandOccurrence>45</HalsteadOperandOccurrence>
<HalsteadProgramLength>83</HalsteadProgramLength>
<HalsteadProgramVocabulary>33</HalsteadProgramVocabulary>
<HalsteadProgramVolume>418.68</HalsteadProgramVolume>
<HalsteadProgramDifficulty>11.25</HalsteadProgramDifficulty>
<HalsteadProgramEffort>4710.20</HalsteadProgramEffort>
<HalsteadBugPrediction>0.14</HalsteadBugPrediction>
<SEIMaintainabilityIndex>115.60</SEIMaintainabilityIndex>
</TypeSummary>
<MethodMetricsList>
<MethodMetrics>
<MethodName>Configurationconstructor</MethodName>
<LineNumber>18</LineNumber>
<CSharpCodeLines>4</CSharpCodeLines>
<CommentLines>0</CommentLines>
<CyclomaticComplexity>1</CyclomaticComplexity>
<Conditionals>0</Conditionals>
<DecisionDensity>0.25</DecisionDensity>
<MaxLoopDepth>0</MaxLoopDepth>
<MaxConditionalDepth>0</MaxConditionalDepth>
<HalsteadUniqueOperators>4</HalsteadUniqueOperators>
<HalsteadUniqueOperands>5</HalsteadUniqueOperands>
<HalsteadOperatorOccurrence>4</HalsteadOperatorOccurrence>
<HalsteadOperandOccurrence>6</HalsteadOperandOccurrence>
<HalsteadProgramLength>10</HalsteadProgramLength>
<HalsteadProgramVocabulary>9</HalsteadProgramVocabulary>
<HalsteadProgramVolume>31.70</HalsteadProgramVolume>
<HalsteadProgramDifficulty>2.40</HalsteadProgramDifficulty>
<HalsteadProgramEffort>76.08</HalsteadProgramEffort>
<HalsteadBugPrediction>0.01</HalsteadBugPrediction>
<SEIMaintainabilityIndex>130.34</SEIMaintainabilityIndex>
</MethodMetrics>
<MethodMetrics>
<MethodName>Configurations</MethodName>
<LineNumber>15</LineNumber>
<CSharpCodeLines>1</CSharpCodeLines>
<CommentLines>0</CommentLines>
<CyclomaticComplexity>1</CyclomaticComplexity>
<Conditionals>0</Conditionals>
<DecisionDensity>1.00</DecisionDensity>
<MaxLoopDepth>0</MaxLoopDepth>
<MaxConditionalDepth>0</MaxConditionalDepth>
<HalsteadUniqueOperators>2</HalsteadUniqueOperators>
<HalsteadUniqueOperands>5</HalsteadUniqueOperands>
<HalsteadOperatorOccurrence>2</HalsteadOperatorOccurrence>
<HalsteadOperandOccurrence>6</HalsteadOperandOccurrence>
<HalsteadProgramLength>8</HalsteadProgramLength>
<HalsteadProgramVocabulary>7</HalsteadProgramVocabulary>
<HalsteadProgramVolume>22.46</HalsteadProgramVolume>
<HalsteadProgramDifficulty>1.20</HalsteadProgramDifficulty>
<HalsteadProgramEffort>26.95</HalsteadProgramEffort>
<HalsteadBugPrediction>0.01</HalsteadBugPrediction>
<SEIMaintainabilityIndex>154.59</SEIMaintainabilityIndex>
</MethodMetrics>
<MethodMetrics>
<MethodName>LoadConfiguration</MethodName>
<LineNumber>24</LineNumber>
<CSharpCodeLines>11</CSharpCodeLines>
<CommentLines>0</CommentLines>
<CyclomaticComplexity>2</CyclomaticComplexity>
<Conditionals>1</Conditionals>
<DecisionDensity>0.18</DecisionDensity>
<MaxLoopDepth>1</MaxLoopDepth>
<LineNumber>30</LineNumber>
<MaxConditionalDepth>1</MaxConditionalDepth>
<LineNumber>30</LineNumber>
<HalsteadUniqueOperators>8</HalsteadUniqueOperators>
<HalsteadUniqueOperands>14</HalsteadUniqueOperands>
<HalsteadOperatorOccurrence>23</HalsteadOperatorOccurrence>
<HalsteadOperandOccurrence>19</HalsteadOperandOccurrence>
<HalsteadProgramLength>42</HalsteadProgramLength>
<HalsteadProgramVocabulary>22</HalsteadProgramVocabulary>
<HalsteadProgramVolume>187.30</HalsteadProgramVolume>
<HalsteadProgramDifficulty>5.43</HalsteadProgramDifficulty>
<HalsteadProgramEffort>1016.75</HalsteadProgramEffort>
<HalsteadBugPrediction>0.06</HalsteadBugPrediction>
<SEIMaintainabilityIndex>104.48</SEIMaintainabilityIndex>
</MethodMetrics>
</MethodMetricsList>
</TypeMetrics>
</TypeMetricsList>
</FileMetrics>
<FileMetrics>
<FileSummary>
<FileName>C:/Users/320050767/Source/Repos/G7CaseStudy13/StaticAnalyzer/StaticAnalyzer/Configuration/ToolMeta.cs</FileName>
<SourceLines>36</SourceLines>
<CSharpCodeLines>30</CSharpCodeLines>
<CommentLines>0</CommentLines>
<Types>2</Types>
<Methods>7</Methods>
<AggregateCyclomaticComplexity>7</AggregateCyclomaticComplexity>
<MeanCyclomaticComplexity>1.00</MeanCyclomaticComplexity>
<MedianCyclomaticComplexity>1.00</MedianCyclomaticComplexity>
<Conditionals>0</Conditionals>
<DecisionDensity>0.45</DecisionDensity>
<MaxLoopDepth>0</MaxLoopDepth>
<MaxConditionalDepth>0</MaxConditionalDepth>
<HalsteadUniqueOperators>10</HalsteadUniqueOperators>
<HalsteadUniqueOperands>29</HalsteadUniqueOperands>
<HalsteadOperatorOccurrence>55</HalsteadOperatorOccurrence>
<HalsteadOperandOccurrence>62</HalsteadOperandOccurrence>
<HalsteadProgramLength>117</HalsteadProgramLength>
<HalsteadProgramVocabulary>39</HalsteadProgramVocabulary>
<HalsteadProgramVolume>618.39</HalsteadProgramVolume>
<HalsteadProgramDifficulty>10.69</HalsteadProgramDifficulty>
<HalsteadProgramEffort>6610.40</HalsteadProgramEffort>
<HalsteadBugPrediction>0.21</HalsteadBugPrediction>
<SEIMaintainabilityIndex>129.17</SEIMaintainabilityIndex>
</FileSummary>
<TypeMetricsList>
<TypeMetrics>
<TypeSummary>
<TypeName>ToolMeta</TypeName>
<LineNumber>9</LineNumber>
<CSharpCodeLines>23</CSharpCodeLines>
<CommentLines>0</CommentLines>
<Methods>4</Methods>
<AggregateCyclomaticComplexity>4</AggregateCyclomaticComplexity>
<MeanCyclomaticComplexity>1.00</MeanCyclomaticComplexity>
<MedianCyclomaticComplexity>1.00</MedianCyclomaticComplexity>
<Conditionals>0</Conditionals>
<DecisionDensity>0.17</DecisionDensity>
<MaxLoopDepth>0</MaxLoopDepth>
<MaxConditionalDepth>0</MaxConditionalDepth>
<HalsteadUniqueOperators>7</HalsteadUniqueOperators>
<HalsteadUniqueOperands>10</HalsteadUniqueOperands>
<HalsteadOperatorOccurrence>37</HalsteadOperatorOccurrence>
<HalsteadOperandOccurrence>44</HalsteadOperandOccurrence>
<HalsteadProgramLength>81</HalsteadProgramLength>
<HalsteadProgramVocabulary>17</HalsteadProgramVocabulary>
<HalsteadProgramVolume>331.08</HalsteadProgramVolume>
<HalsteadProgramDifficulty>15.40</HalsteadProgramDifficulty>
<HalsteadProgramEffort>5098.70</HalsteadProgramEffort>
<HalsteadBugPrediction>0.11</HalsteadBugPrediction>
<SEIMaintainabilityIndex>124.34</SEIMaintainabilityIndex>
</TypeSummary>
<MethodMetricsList>
<MethodMetrics>
<MethodName>InstallationPath</MethodName>
<LineNumber>12</LineNumber>
<CSharpCodeLines>1</CSharpCodeLines>
<CommentLines>0</CommentLines>
<CyclomaticComplexity>1</CyclomaticComplexity>
<Conditionals>0</Conditionals>
<DecisionDensity>1.00</DecisionDensity>
<MaxLoopDepth>0</MaxLoopDepth>
<MaxConditionalDepth>0</MaxConditionalDepth>
<HalsteadUniqueOperators>2</HalsteadUniqueOperators>
<HalsteadUniqueOperands>2</HalsteadUniqueOperands>
<HalsteadOperatorOccurrence>3</HalsteadOperatorOccurrence>
<HalsteadOperandOccurrence>3</HalsteadOperandOccurrence>
<HalsteadProgramLength>6</HalsteadProgramLength>
<HalsteadProgramVocabulary>4</HalsteadProgramVocabulary>
<HalsteadProgramVolume>12.00</HalsteadProgramVolume>
<HalsteadProgramDifficulty>1.50</HalsteadProgramDifficulty>
<HalsteadProgramEffort>18.00</HalsteadProgramEffort>
<HalsteadBugPrediction>0.00</HalsteadBugPrediction>
<SEIMaintainabilityIndex>157.85</SEIMaintainabilityIndex>
</MethodMetrics>
<MethodMetrics>
<MethodName>Name</MethodName>
<LineNumber>11</LineNumber>
<CSharpCodeLines>1</CSharpCodeLines>
<CommentLines>0</CommentLines>
<CyclomaticComplexity>1</CyclomaticComplexity>
<Conditionals>0</Conditionals>
<DecisionDensity>1.00</DecisionDensity>
<MaxLoopDepth>0</MaxLoopDepth>
<MaxConditionalDepth>0</MaxConditionalDepth>
<HalsteadUniqueOperators>2</HalsteadUniqueOperators>
<HalsteadUniqueOperands>2</HalsteadUniqueOperands>
<HalsteadOperatorOccurrence>3</HalsteadOperatorOccurrence>
<HalsteadOperandOccurrence>3</HalsteadOperandOccurrence>
<HalsteadProgramLength>6</HalsteadProgramLength>
<HalsteadProgramVocabulary>4</HalsteadProgramVocabulary>
<HalsteadProgramVolume>12.00</HalsteadProgramVolume>
<HalsteadProgramDifficulty>1.50</HalsteadProgramDifficulty>
<HalsteadProgramEffort>18.00</HalsteadProgramEffort>
<HalsteadBugPrediction>0.00</HalsteadBugPrediction>
<SEIMaintainabilityIndex>157.85</SEIMaintainabilityIndex>
</MethodMetrics>
<MethodMetrics>
<MethodName>ToolMetaconstructor</MethodName>
<LineNumber>15</LineNumber>
<CSharpCodeLines>6</CSharpCodeLines>
<CommentLines>0</CommentLines>
<CyclomaticComplexity>1</CyclomaticComplexity>
<Conditionals>0</Conditionals>
<DecisionDensity>0.17</DecisionDensity>
<MaxLoopDepth>0</MaxLoopDepth>
<MaxConditionalDepth>0</MaxConditionalDepth>
<HalsteadUniqueOperators>5</HalsteadUniqueOperators>
<HalsteadUniqueOperands>10</HalsteadUniqueOperands>
<HalsteadOperatorOccurrence>10</HalsteadOperatorOccurrence>
<HalsteadOperandOccurrence>14</HalsteadOperandOccurrence>
<HalsteadProgramLength>24</HalsteadProgramLength>
<HalsteadProgramVocabulary>15</HalsteadProgramVocabulary>
<HalsteadProgramVolume>93.77</HalsteadProgramVolume>
<HalsteadProgramDifficulty>3.50</HalsteadProgramDifficulty>
<HalsteadProgramEffort>328.18</HalsteadProgramEffort>
<HalsteadBugPrediction>0.03</HalsteadBugPrediction>
<SEIMaintainabilityIndex>118.13</SEIMaintainabilityIndex>
</MethodMetrics>
<MethodMetrics>
<MethodName>Wrapper</MethodName>
<LineNumber>13</LineNumber>
<CSharpCodeLines>1</CSharpCodeLines>
<CommentLines>0</CommentLines>
<CyclomaticComplexity>1</CyclomaticComplexity>
<Conditionals>0</Conditionals>
<DecisionDensity>1.00</DecisionDensity>
<MaxLoopDepth>0</MaxLoopDepth>
<MaxConditionalDepth>0</MaxConditionalDepth>
<HalsteadUniqueOperators>2</HalsteadUniqueOperators>
<HalsteadUniqueOperands>2</HalsteadUniqueOperands>
<HalsteadOperatorOccurrence>3</HalsteadOperatorOccurrence>
<HalsteadOperandOccurrence>3</HalsteadOperandOccurrence>
<HalsteadProgramLength>6</HalsteadProgramLength>
<HalsteadProgramVocabulary>4</HalsteadProgramVocabulary>
<HalsteadProgramVolume>12.00</HalsteadProgramVolume>
<HalsteadProgramDifficulty>1.50</HalsteadProgramDifficulty>
<HalsteadProgramEffort>18.00</HalsteadProgramEffort>
<HalsteadBugPrediction>0.00</HalsteadBugPrediction>
<SEIMaintainabilityIndex>157.85</SEIMaintainabilityIndex>
</MethodMetrics>
</MethodMetricsList>
</TypeMetrics>
<TypeMetrics>
<TypeSummary>
<TypeName>WrapperMeta</TypeName>
<LineNumber>22</LineNumber>
<CSharpCodeLines>11</CSharpCodeLines>
<CommentLines>0</CommentLines>
<Methods>3</Methods>
<AggregateCyclomaticComplexity>3</AggregateCyclomaticComplexity>
<MeanCyclomaticComplexity>1.00</MeanCyclomaticComplexity>
<MedianCyclomaticComplexity>1.00</MedianCyclomaticComplexity>
<Conditionals>0</Conditionals>
<DecisionDensity>0.27</DecisionDensity>
<MaxLoopDepth>0</MaxLoopDepth>
<MaxConditionalDepth>0</MaxConditionalDepth>
<HalsteadUniqueOperators>7</HalsteadUniqueOperators>
<HalsteadUniqueOperands>8</HalsteadUniqueOperands>
<HalsteadOperatorOccurrence>16</HalsteadOperatorOccurrence>
<HalsteadOperandOccurrence>19</HalsteadOperandOccurrence>
<HalsteadProgramLength>35</HalsteadProgramLength>
<HalsteadProgramVocabulary>15</HalsteadProgramVocabulary>
<HalsteadProgramVolume>136.74</HalsteadProgramVolume>
<HalsteadProgramDifficulty>8.31</HalsteadProgramDifficulty>
<HalsteadProgramEffort>1136.66</HalsteadProgramEffort>
<HalsteadBugPrediction>0.05</HalsteadBugPrediction>
<SEIMaintainabilityIndex>131.79</SEIMaintainabilityIndex>
</TypeSummary>
<MethodMetricsList>
<MethodMetrics>
<MethodName>AssemblyPath</MethodName>
<LineNumber>25</LineNumber>
<CSharpCodeLines>1</CSharpCodeLines>
<CommentLines>0</CommentLines>
<CyclomaticComplexity>1</CyclomaticComplexity>
<Conditionals>0</Conditionals>
<DecisionDensity>1.00</DecisionDensity>
<MaxLoopDepth>0</MaxLoopDepth>
<MaxConditionalDepth>0</MaxConditionalDepth>
<HalsteadUniqueOperators>2</HalsteadUniqueOperators>
<HalsteadUniqueOperands>2</HalsteadUniqueOperands>
<HalsteadOperatorOccurrence>3</HalsteadOperatorOccurrence>
<HalsteadOperandOccurrence>3</HalsteadOperandOccurrence>
<HalsteadProgramLength>6</HalsteadProgramLength>
<HalsteadProgramVocabulary>4</HalsteadProgramVocabulary>
<HalsteadProgramVolume>12.00</HalsteadProgramVolume>
<HalsteadProgramDifficulty>1.50</HalsteadProgramDifficulty>
<HalsteadProgramEffort>18.00</HalsteadProgramEffort>
<HalsteadBugPrediction>0.00</HalsteadBugPrediction>
<SEIMaintainabilityIndex>157.85</SEIMaintainabilityIndex>
</MethodMetrics>
<MethodMetrics>
<MethodName>ClassName</MethodName>
<LineNumber>24</LineNumber>
<CSharpCodeLines>1</CSharpCodeLines>
<CommentLines>0</CommentLines>
<CyclomaticComplexity>1</CyclomaticComplexity>
<Conditionals>0</Conditionals>
<DecisionDensity>1.00</DecisionDensity>
<MaxLoopDepth>0</MaxLoopDepth>
<MaxConditionalDepth>0</MaxConditionalDepth>
<HalsteadUniqueOperators>2</HalsteadUniqueOperators>
<HalsteadUniqueOperands>2</HalsteadUniqueOperands>
<HalsteadOperatorOccurrence>3</HalsteadOperatorOccurrence>
<HalsteadOperandOccurrence>3</HalsteadOperandOccurrence>
<HalsteadProgramLength>6</HalsteadProgramLength>
<HalsteadProgramVocabulary>4</HalsteadProgramVocabulary>
<HalsteadProgramVolume>12.00</HalsteadProgramVolume>
<HalsteadProgramDifficulty>1.50</HalsteadProgramDifficulty>
<HalsteadProgramEffort>18.00</HalsteadProgramEffort>
<HalsteadBugPrediction>0.00</HalsteadBugPrediction>
<SEIMaintainabilityIndex>157.85</SEIMaintainabilityIndex>
</MethodMetrics>
<MethodMetrics>
<MethodName>WrapperMetaconstructor</MethodName>
<LineNumber>27</LineNumber>
<CSharpCodeLines>5</CSharpCodeLines>
<CommentLines>0</CommentLines>
<CyclomaticComplexity>1</CyclomaticComplexity>
<Conditionals>0</Conditionals>
<DecisionDensity>0.20</DecisionDensity>
<MaxLoopDepth>0</MaxLoopDepth>
<MaxConditionalDepth>0</MaxConditionalDepth>
<HalsteadUniqueOperators>5</HalsteadUniqueOperators>
<HalsteadUniqueOperands>8</HalsteadUniqueOperands>
<HalsteadOperatorOccurrence>8</HalsteadOperatorOccurrence>
<HalsteadOperandOccurrence>11</HalsteadOperandOccurrence>
<HalsteadProgramLength>19</HalsteadProgramLength>
<HalsteadProgramVocabulary>13</HalsteadProgramVocabulary>
<HalsteadProgramVolume>70.31</HalsteadProgramVolume>
<HalsteadProgramDifficulty>3.44</HalsteadProgramDifficulty>
<HalsteadProgramEffort>241.68</HalsteadProgramEffort>
<HalsteadBugPrediction>0.02</HalsteadBugPrediction>
<SEIMaintainabilityIndex>122.58</SEIMaintainabilityIndex>
</MethodMetrics>
</MethodMetricsList>
</TypeMetrics>
</TypeMetricsList>
</FileMetrics>
<FileMetrics>
<FileSummary>
<FileName>C:/Users/320050767/Source/Repos/G7CaseStudy13/StaticAnalyzer/StaticAnalyzer/Configuration/ToolsConfiguration.cs</FileName>
<SourceLines>37</SourceLines>
<CSharpCodeLines>32</CSharpCodeLines>
<CommentLines>3</CommentLines>
<Types>1</Types>
<Methods>2</Methods>
<AggregateCyclomaticComplexity>3</AggregateCyclomaticComplexity>
<MeanCyclomaticComplexity>1.50</MeanCyclomaticComplexity>
<MedianCyclomaticComplexity>1.50</MedianCyclomaticComplexity>
<Conditionals>1</Conditionals>
<DecisionDensity>0.13</DecisionDensity>
<MaxLoopDepth>1</MaxLoopDepth>
<LineNumber>21</LineNumber>
<MaxConditionalDepth>1</MaxConditionalDepth>
<LineNumber>21</LineNumber>
<HalsteadUniqueOperators>13</HalsteadUniqueOperators>
<HalsteadUniqueOperands>40</HalsteadUniqueOperands>
<HalsteadOperatorOccurrence>64</HalsteadOperatorOccurrence>
<HalsteadOperandOccurrence>69</HalsteadOperandOccurrence>
<HalsteadProgramLength>133</HalsteadProgramLength>
<HalsteadProgramVocabulary>53</HalsteadProgramVocabulary>
<HalsteadProgramVolume>761.81</HalsteadProgramVolume>
<HalsteadProgramDifficulty>11.21</HalsteadProgramDifficulty>
<HalsteadProgramEffort>8541.83</HalsteadProgramEffort>
<HalsteadBugPrediction>0.25</HalsteadBugPrediction>
<SEIMaintainabilityIndex>122.86</SEIMaintainabilityIndex>
</FileSummary>
<TypeMetricsList>
<TypeMetrics>
<TypeSummary>
<TypeName>ToolsConfiguration</TypeName>
<LineNumber>10</LineNumber>
<CSharpCodeLines>24</CSharpCodeLines>
<CommentLines>3</CommentLines>
<Methods>2</Methods>
<AggregateCyclomaticComplexity>3</AggregateCyclomaticComplexity>
<MeanCyclomaticComplexity>1.50</MeanCyclomaticComplexity>
<MedianCyclomaticComplexity>1.50</MedianCyclomaticComplexity>
<Conditionals>1</Conditionals>
<DecisionDensity>0.13</DecisionDensity>
<MaxLoopDepth>1</MaxLoopDepth>
<LineNumber>21</LineNumber>
<MaxConditionalDepth>1</MaxConditionalDepth>
<LineNumber>21</LineNumber>
<HalsteadUniqueOperators>11</HalsteadUniqueOperators>
<HalsteadUniqueOperands>23</HalsteadUniqueOperands>
<HalsteadOperatorOccurrence>42</HalsteadOperatorOccurrence>
<HalsteadOperandOccurrence>46</HalsteadOperandOccurrence>
<HalsteadProgramLength>88</HalsteadProgramLength>
<HalsteadProgramVocabulary>34</HalsteadProgramVocabulary>
<HalsteadProgramVolume>447.70</HalsteadProgramVolume>
<HalsteadProgramDifficulty>11.00</HalsteadProgramDifficulty>
<HalsteadProgramEffort>4924.66</HalsteadProgramEffort>
<HalsteadBugPrediction>0.15</HalsteadBugPrediction>
<SEIMaintainabilityIndex>127.52</SEIMaintainabilityIndex>
</TypeSummary>
<MethodMetricsList>
<MethodMetrics>
<MethodName>Tools</MethodName>
<LineNumber>15</LineNumber>
<CSharpCodeLines>1</CSharpCodeLines>
<CommentLines>0</CommentLines>
<CyclomaticComplexity>1</CyclomaticComplexity>
<Conditionals>0</Conditionals>
<DecisionDensity>1.00</DecisionDensity>
<MaxLoopDepth>0</MaxLoopDepth>
<MaxConditionalDepth>0</MaxConditionalDepth>
<HalsteadUniqueOperators>1</HalsteadUniqueOperators>
<HalsteadUniqueOperands>4</HalsteadUniqueOperands>
<HalsteadOperatorOccurrence>2</HalsteadOperatorOccurrence>
<HalsteadOperandOccurrence>5</HalsteadOperandOccurrence>
<HalsteadProgramLength>7</HalsteadProgramLength>
<HalsteadProgramVocabulary>5</HalsteadProgramVocabulary>
<HalsteadProgramVolume>16.25</HalsteadProgramVolume>
<HalsteadProgramDifficulty>0.63</HalsteadProgramDifficulty>
<HalsteadProgramEffort>10.16</HalsteadProgramEffort>
<HalsteadBugPrediction>0.01</HalsteadBugPrediction>
<SEIMaintainabilityIndex>156.27</SEIMaintainabilityIndex>
</MethodMetrics>
<MethodMetrics>
<MethodName>ToolsConfigurationconstructor</MethodName>
<LineNumber>16</LineNumber>
<CSharpCodeLines>17</CSharpCodeLines>
<CommentLines>3</CommentLines>
<CyclomaticComplexity>2</CyclomaticComplexity>
<Conditionals>1</Conditionals>
<DecisionDensity>0.12</DecisionDensity>
<MaxLoopDepth>1</MaxLoopDepth>
<LineNumber>21</LineNumber>
<MaxConditionalDepth>1</MaxConditionalDepth>
<LineNumber>21</LineNumber>
<HalsteadUniqueOperators>9</HalsteadUniqueOperators>
<HalsteadUniqueOperands>17</HalsteadUniqueOperands>
<HalsteadOperatorOccurrence>31</HalsteadOperatorOccurrence>
<HalsteadOperandOccurrence>30</HalsteadOperandOccurrence>
<HalsteadProgramLength>61</HalsteadProgramLength>
<HalsteadProgramVocabulary>26</HalsteadProgramVocabulary>
<HalsteadProgramVolume>286.73</HalsteadProgramVolume>
<HalsteadProgramDifficulty>7.94</HalsteadProgramDifficulty>
<HalsteadProgramEffort>2276.95</HalsteadProgramEffort>
<HalsteadBugPrediction>0.10</HalsteadBugPrediction>
<SEIMaintainabilityIndex>125.98</SEIMaintainabilityIndex>
</MethodMetrics>
</MethodMetricsList>
</TypeMetrics>
</TypeMetricsList>
</FileMetrics>
<FileMetrics>
<FileSummary>
<FileName>C:/Users/320050767/Source/Repos/G7CaseStudy13/StaticAnalyzer/StaticAnalyzer/IStaticAnalysisTool.cs</FileName>
<SourceLines>15</SourceLines>
<CSharpCodeLines>13</CSharpCodeLines>
<CommentLines>0</CommentLines>
<Types>1</Types>
<Methods>0</Methods>
<AggregateCyclomaticComplexity>0</AggregateCyclomaticComplexity>
<MeanCyclomaticComplexity>0.00</MeanCyclomaticComplexity>
<MedianCyclomaticComplexity>0.00</MedianCyclomaticComplexity>
<Conditionals>0</Conditionals>
<DecisionDensity>0.00</DecisionDensity>
<MaxLoopDepth>0</MaxLoopDepth>
<MaxConditionalDepth>0</MaxConditionalDepth>
<HalsteadUniqueOperators>7</HalsteadUniqueOperators>
<HalsteadUniqueOperands>22</HalsteadUniqueOperands>
<HalsteadOperatorOccurrence>24</HalsteadOperatorOccurrence>
<HalsteadOperandOccurrence>26</HalsteadOperandOccurrence>
<HalsteadProgramLength>50</HalsteadProgramLength>
<HalsteadProgramVocabulary>29</HalsteadProgramVocabulary>
<HalsteadProgramVolume>0.00</HalsteadProgramVolume>
<HalsteadProgramDifficulty>0.00</HalsteadProgramDifficulty>
<HalsteadProgramEffort>0.00</HalsteadProgramEffort>
<HalsteadBugPrediction>0.00</HalsteadBugPrediction>
<SEIMaintainabilityIndex>0.00</SEIMaintainabilityIndex>
</FileSummary>
<TypeMetricsList>
<TypeMetrics>
<TypeSummary>
<TypeName>IStaticAnalysisTool</TypeName>
<LineNumber>9</LineNumber>
<CSharpCodeLines>6</CSharpCodeLines>
<CommentLines>0</CommentLines>
<Methods>0</Methods>
<AggregateCyclomaticComplexity>0</AggregateCyclomaticComplexity>
<MeanCyclomaticComplexity>0.00</MeanCyclomaticComplexity>
<MedianCyclomaticComplexity>0.00</MedianCyclomaticComplexity>
<Conditionals>0</Conditionals>
<DecisionDensity>0.00</DecisionDensity>
<MaxLoopDepth>0</MaxLoopDepth>
<MaxConditionalDepth>0</MaxConditionalDepth>
<HalsteadUniqueOperators>4</HalsteadUniqueOperators>
<HalsteadUniqueOperands>8</HalsteadUniqueOperands>
<HalsteadOperatorOccurrence>6</HalsteadOperatorOccurrence>
<HalsteadOperandOccurrence>8</HalsteadOperandOccurrence>
<HalsteadProgramLength>14</HalsteadProgramLength>
<HalsteadProgramVocabulary>12</HalsteadProgramVocabulary>
<HalsteadProgramVolume>50.19</HalsteadProgramVolume>
<HalsteadProgramDifficulty>2.00</HalsteadProgramDifficulty>
<HalsteadProgramEffort>100.38</HalsteadProgramEffort>
<HalsteadBugPrediction>0.02</HalsteadBugPrediction>
<SEIMaintainabilityIndex>no methods</SEIMaintainabilityIndex>
</TypeSummary>
<MethodMetricsList>
</MethodMetricsList>
</TypeMetrics>
</TypeMetricsList>
</FileMetrics>
<FileMetrics>
<FileSummary>
<FileName>C:/Users/320050767/Source/Repos/G7CaseStudy13/StaticAnalyzer/StaticAnalyzer/PluginWrappers/CSharpMetric/CSharpMetrics.cs</FileName>
<SourceLines>137</SourceLines>
<CSharpCodeLines>126</CSharpCodeLines>
<CommentLines>2</CommentLines>
<Types>1</Types>
<Methods>8</Methods>
<AggregateCyclomaticComplexity>18</AggregateCyclomaticComplexity>
<MeanCyclomaticComplexity>2.25</MeanCyclomaticComplexity>
<MedianCyclomaticComplexity>1.50</MedianCyclomaticComplexity>
<Conditionals>11</Conditionals>
<DecisionDensity>0.15</DecisionDensity>
<MaxLoopDepth>2</MaxLoopDepth>
<LineNumber>104</LineNumber>
<MaxConditionalDepth>4</MaxConditionalDepth>
<LineNumber>70</LineNumber>
<HalsteadUniqueOperators>22</HalsteadUniqueOperators>
<HalsteadUniqueOperands>110</HalsteadUniqueOperands>
<HalsteadOperatorOccurrence>280</HalsteadOperatorOccurrence>
<HalsteadOperandOccurrence>289</HalsteadOperandOccurrence>
<HalsteadProgramLength>569</HalsteadProgramLength>
<HalsteadProgramVocabulary>132</HalsteadProgramVocabulary>
<HalsteadProgramVolume>4008.26</HalsteadProgramVolume>
<HalsteadProgramDifficulty>28.90</HalsteadProgramDifficulty>
<HalsteadProgramEffort>115838.72</HalsteadProgramEffort>
<HalsteadBugPrediction>1.34</HalsteadBugPrediction>
<SEIMaintainabilityIndex>104.11</SEIMaintainabilityIndex>
</FileSummary>
<TypeMetricsList>
<TypeMetrics>
<TypeSummary>
<TypeName>CSharpMetrics</TypeName>
<LineNumber>10</LineNumber>
<CSharpCodeLines>118</CSharpCodeLines>
<CommentLines>2</CommentLines>
<Methods>8</Methods>
<AggregateCyclomaticComplexity>18</AggregateCyclomaticComplexity>
<MeanCyclomaticComplexity>2.25</MeanCyclomaticComplexity>
<MedianCyclomaticComplexity>1.50</MedianCyclomaticComplexity>
<Conditionals>11</Conditionals>
<DecisionDensity>0.15</DecisionDensity>
<MaxLoopDepth>2</MaxLoopDepth>
<LineNumber>104</LineNumber>
<MaxConditionalDepth>4</MaxConditionalDepth>
<LineNumber>70</LineNumber>
<HalsteadUniqueOperators>21</HalsteadUniqueOperators>
<HalsteadUniqueOperands>95</HalsteadUniqueOperands>
<HalsteadOperatorOccurrence>259</HalsteadOperatorOccurrence>
<HalsteadOperandOccurrence>268</HalsteadOperandOccurrence>
<HalsteadProgramLength>527</HalsteadProgramLength>
<HalsteadProgramVocabulary>116</HalsteadProgramVocabulary>
<HalsteadProgramVolume>3614.16</HalsteadProgramVolume>
<HalsteadProgramDifficulty>29.62</HalsteadProgramDifficulty>
<HalsteadProgramEffort>107055.10</HalsteadProgramEffort>
<HalsteadBugPrediction>1.20</HalsteadBugPrediction>
<SEIMaintainabilityIndex>105.17</SEIMaintainabilityIndex>
</TypeSummary>
<MethodMetricsList>
<MethodMetrics>
<MethodName>CSharpMetricsconstructor</MethodName>
<LineNumber>20</LineNumber>
<CSharpCodeLines>4</CSharpCodeLines>
<CommentLines>0</CommentLines>
<CyclomaticComplexity>1</CyclomaticComplexity>
<Conditionals>0</Conditionals>
<DecisionDensity>0.25</DecisionDensity>
<MaxLoopDepth>0</MaxLoopDepth>
<MaxConditionalDepth>0</MaxConditionalDepth>
<HalsteadUniqueOperators>4</HalsteadUniqueOperators>
<HalsteadUniqueOperands>5</HalsteadUniqueOperands>
<HalsteadOperatorOccurrence>4</HalsteadOperatorOccurrence>
<HalsteadOperandOccurrence>6</HalsteadOperandOccurrence>
<HalsteadProgramLength>10</HalsteadProgramLength>
<HalsteadProgramVocabulary>9</HalsteadProgramVocabulary>
<HalsteadProgramVolume>31.70</HalsteadProgramVolume>
<HalsteadProgramDifficulty>2.40</HalsteadProgramDifficulty>
<HalsteadProgramEffort>76.08</HalsteadProgramEffort>
<HalsteadBugPrediction>0.01</HalsteadBugPrediction>
<SEIMaintainabilityIndex>130.34</SEIMaintainabilityIndex>
</MethodMetrics>
<MethodMetrics>
<MethodName>CheckFile</MethodName>
<LineNumber>56</LineNumber>
<CSharpCodeLines>9</CSharpCodeLines>
<CommentLines>0</CommentLines>
<CyclomaticComplexity>2</CyclomaticComplexity>
<Conditionals>1</Conditionals>
<DecisionDensity>0.22</DecisionDensity>
<MaxLoopDepth>0</MaxLoopDepth>
<MaxConditionalDepth>1</MaxConditionalDepth>
<LineNumber>59</LineNumber>
<HalsteadUniqueOperators>7</HalsteadUniqueOperators>
<HalsteadUniqueOperands>11</HalsteadUniqueOperands>
<HalsteadOperatorOccurrence>13</HalsteadOperatorOccurrence>
<HalsteadOperandOccurrence>15</HalsteadOperandOccurrence>
<HalsteadProgramLength>28</HalsteadProgramLength>
<HalsteadProgramVocabulary>18</HalsteadProgramVocabulary>
<HalsteadProgramVolume>116.76</HalsteadProgramVolume>
<HalsteadProgramDifficulty>4.77</HalsteadProgramDifficulty>
<HalsteadProgramEffort>557.25</HalsteadProgramEffort>
<HalsteadBugPrediction>0.04</HalsteadBugPrediction>
<SEIMaintainabilityIndex>110.19</SEIMaintainabilityIndex>
</MethodMetrics>
<MethodMetrics>
<MethodName>ExecuteStaticAnalysisTool</MethodName>
<LineNumber>117</LineNumber>
<CSharpCodeLines>7</CSharpCodeLines>
<CommentLines>0</CommentLines>
<CyclomaticComplexity>1</CyclomaticComplexity>
<Conditionals>0</Conditionals>
<DecisionDensity>0.14</DecisionDensity>
<MaxLoopDepth>0</MaxLoopDepth>
<MaxConditionalDepth>0</MaxConditionalDepth>
<HalsteadUniqueOperators>7</HalsteadUniqueOperators>
<HalsteadUniqueOperands>11</HalsteadUniqueOperands>
<HalsteadOperatorOccurrence>13</HalsteadOperatorOccurrence>
<HalsteadOperandOccurrence>16</HalsteadOperandOccurrence>
<HalsteadProgramLength>29</HalsteadProgramLength>
<HalsteadProgramVocabulary>18</HalsteadProgramVocabulary>
<HalsteadProgramVolume>120.93</HalsteadProgramVolume>
<HalsteadProgramDifficulty>5.09</HalsteadProgramDifficulty>
<HalsteadProgramEffort>615.63</HalsteadProgramEffort>
<HalsteadBugPrediction>0.04</HalsteadBugPrediction>
<SEIMaintainabilityIndex>114.31</SEIMaintainabilityIndex>
</MethodMetrics>
<MethodMetrics>
<MethodName>GetFiles</MethodName>
<LineNumber>125</LineNumber>
<CSharpCodeLines>6</CSharpCodeLines>
<CommentLines>0</CommentLines>
<CyclomaticComplexity>1</CyclomaticComplexity>
<Conditionals>0</Conditionals>
<DecisionDensity>0.17</DecisionDensity>
<MaxLoopDepth>0</MaxLoopDepth>
<MaxConditionalDepth>0</MaxConditionalDepth>
<HalsteadUniqueOperators>9</HalsteadUniqueOperators>
<HalsteadUniqueOperands>12</HalsteadUniqueOperands>
<HalsteadOperatorOccurrence>20</HalsteadOperatorOccurrence>
<HalsteadOperandOccurrence>21</HalsteadOperandOccurrence>
<HalsteadProgramLength>41</HalsteadProgramLength>
<HalsteadProgramVocabulary>21</HalsteadProgramVocabulary>
<HalsteadProgramVolume>180.09</HalsteadProgramVolume>
<HalsteadProgramDifficulty>7.88</HalsteadProgramDifficulty>
<HalsteadProgramEffort>1418.17</HalsteadProgramEffort>
<HalsteadBugPrediction>0.06</HalsteadBugPrediction>
<SEIMaintainabilityIndex>114.74</SEIMaintainabilityIndex>
</MethodMetrics>
<MethodMetrics>
<MethodName>PrepareArgument</MethodName>
<LineNumber>131</LineNumber>
<CSharpCodeLines>5</CSharpCodeLines>
<CommentLines>0</CommentLines>
<CyclomaticComplexity>1</CyclomaticComplexity>
<Conditionals>0</Conditionals>
<DecisionDensity>0.20</DecisionDensity>
<MaxLoopDepth>0</MaxLoopDepth>
<MaxConditionalDepth>0</MaxConditionalDepth>
<HalsteadUniqueOperators>7</HalsteadUniqueOperators>
<HalsteadUniqueOperands>8</HalsteadUniqueOperands>
<HalsteadOperatorOccurrence>8</HalsteadOperatorOccurrence>
<HalsteadOperandOccurrence>13</HalsteadOperandOccurrence>
<HalsteadProgramLength>21</HalsteadProgramLength>
<HalsteadProgramVocabulary>15</HalsteadProgramVocabulary>
<HalsteadProgramVolume>82.04</HalsteadProgramVolume>
<HalsteadProgramDifficulty>5.69</HalsteadProgramDifficulty>
<HalsteadProgramEffort>466.63</HalsteadProgramEffort>
<HalsteadBugPrediction>0.03</HalsteadBugPrediction>
<SEIMaintainabilityIndex>121.78</SEIMaintainabilityIndex>
</MethodMetrics>
<MethodMetrics>
<MethodName>PrepareInput</MethodName>
<LineNumber>24</LineNumber>
<CSharpCodeLines>31</CSharpCodeLines>
<CommentLines>0</CommentLines>
<CyclomaticComplexity>4</CyclomaticComplexity>
<Conditionals>4</Conditionals>
<DecisionDensity>0.13</DecisionDensity>
<MaxLoopDepth>1</MaxLoopDepth>
<LineNumber>43</LineNumber>
<MaxConditionalDepth>1</MaxConditionalDepth>
<LineNumber>31</LineNumber>
<HalsteadUniqueOperators>16</HalsteadUniqueOperators>
<HalsteadUniqueOperands>36</HalsteadUniqueOperands>
<HalsteadOperatorOccurrence>71</HalsteadOperatorOccurrence>
<HalsteadOperandOccurrence>63</HalsteadOperandOccurrence>
<HalsteadProgramLength>134</HalsteadProgramLength>
<HalsteadProgramVocabulary>52</HalsteadProgramVocabulary>
<HalsteadProgramVolume>763.86</HalsteadProgramVolume>
<HalsteadProgramDifficulty>14.00</HalsteadProgramDifficulty>
<HalsteadProgramEffort>10694.02</HalsteadProgramEffort>
<HalsteadBugPrediction>0.25</HalsteadBugPrediction>
<SEIMaintainabilityIndex>79.93</SEIMaintainabilityIndex>
</MethodMetrics>
<MethodMetrics>
<MethodName>ProcessOutput</MethodName>
<LineNumber>65</LineNumber>
<CSharpCodeLines>29</CSharpCodeLines>
<CommentLines>2</CommentLines>
<CyclomaticComplexity>5</CyclomaticComplexity>
<Conditionals>4</Conditionals>
<DecisionDensity>0.17</DecisionDensity>
<MaxLoopDepth>2</MaxLoopDepth>
<LineNumber>77</LineNumber>
<MaxConditionalDepth>4</MaxConditionalDepth>
<LineNumber>70</LineNumber>
<HalsteadUniqueOperators>14</HalsteadUniqueOperators>
<HalsteadUniqueOperands>37</HalsteadUniqueOperands>
<HalsteadOperatorOccurrence>74</HalsteadOperatorOccurrence>
<HalsteadOperandOccurrence>65</HalsteadOperandOccurrence>
<HalsteadProgramLength>139</HalsteadProgramLength>
<HalsteadProgramVocabulary>51</HalsteadProgramVocabulary>
<HalsteadProgramVolume>788.47</HalsteadProgramVolume>
<HalsteadProgramDifficulty>12.30</HalsteadProgramDifficulty>
<HalsteadProgramEffort>9696.01</HalsteadProgramEffort>
<HalsteadBugPrediction>0.26</HalsteadBugPrediction>
<SEIMaintainabilityIndex>101.51</SEIMaintainabilityIndex>
</MethodMetrics>
<MethodMetrics>
<MethodName>displayOutput</MethodName>
<LineNumber>98</LineNumber>
<CSharpCodeLines>16</CSharpCodeLines>
<CommentLines>0</CommentLines>
<CyclomaticComplexity>3</CyclomaticComplexity>
<Conditionals>2</Conditionals>
<DecisionDensity>0.19</DecisionDensity>
<MaxLoopDepth>2</MaxLoopDepth>
<LineNumber>104</LineNumber>
<MaxConditionalDepth>2</MaxConditionalDepth>
<LineNumber>104</LineNumber>
<HalsteadUniqueOperators>10</HalsteadUniqueOperators>
<HalsteadUniqueOperands>16</HalsteadUniqueOperands>
<HalsteadOperatorOccurrence>39</HalsteadOperatorOccurrence>
<HalsteadOperandOccurrence>36</HalsteadOperandOccurrence>
<HalsteadProgramLength>75</HalsteadProgramLength>
<HalsteadProgramVocabulary>26</HalsteadProgramVocabulary>
<HalsteadProgramVolume>352.53</HalsteadProgramVolume>
<HalsteadProgramDifficulty>11.25</HalsteadProgramDifficulty>
<HalsteadProgramEffort>3966.00</HalsteadProgramEffort>
<HalsteadBugPrediction>0.12</HalsteadBugPrediction>
<SEIMaintainabilityIndex>94.90</SEIMaintainabilityIndex>
</MethodMetrics>
</MethodMetricsList>
</TypeMetrics>
</TypeMetricsList>
</FileMetrics>
<FileMetrics>
<FileSummary>
<FileName>C:/Users/320050767/Source/Repos/G7CaseStudy13/StaticAnalyzer/StaticAnalyzer/PluginWrappers/FxCop/FxCop.cs</FileName>
<SourceLines>85</SourceLines>
<CSharpCodeLines>82</CSharpCodeLines>
<CommentLines>0</CommentLines>
<Types>1</Types>
<Methods>7</Methods>
<AggregateCyclomaticComplexity>11</AggregateCyclomaticComplexity>
<MeanCyclomaticComplexity>1.57</MeanCyclomaticComplexity>
<MedianCyclomaticComplexity>1.00</MedianCyclomaticComplexity>
<Conditionals>4</Conditionals>
<DecisionDensity>0.15</DecisionDensity>
<MaxLoopDepth>0</MaxLoopDepth>
<MaxConditionalDepth>1</MaxConditionalDepth>
<LineNumber>60</LineNumber>
<HalsteadUniqueOperators>16</HalsteadUniqueOperators>
<HalsteadUniqueOperands>82</HalsteadUniqueOperands>
<HalsteadOperatorOccurrence>163</HalsteadOperatorOccurrence>
<HalsteadOperandOccurrence>185</HalsteadOperandOccurrence>
<HalsteadProgramLength>348</HalsteadProgramLength>
<HalsteadProgramVocabulary>98</HalsteadProgramVocabulary>
<HalsteadProgramVolume>2301.92</HalsteadProgramVolume>
<HalsteadProgramDifficulty>18.05</HalsteadProgramDifficulty>
<HalsteadProgramEffort>41546.83</HalsteadProgramEffort>
<HalsteadBugPrediction>0.77</HalsteadBugPrediction>
<SEIMaintainabilityIndex>104.08</SEIMaintainabilityIndex>
</FileSummary>
<TypeMetricsList>
<TypeMetrics>
<TypeSummary>
<TypeName>FxCop</TypeName>
<LineNumber>12</LineNumber>
<CSharpCodeLines>72</CSharpCodeLines>
<CommentLines>0</CommentLines>
<Methods>7</Methods>
<AggregateCyclomaticComplexity>11</AggregateCyclomaticComplexity>
<MeanCyclomaticComplexity>1.57</MeanCyclomaticComplexity>
<MedianCyclomaticComplexity>1.00</MedianCyclomaticComplexity>
<Conditionals>4</Conditionals>
<DecisionDensity>0.15</DecisionDensity>
<MaxLoopDepth>0</MaxLoopDepth>
<MaxConditionalDepth>1</MaxConditionalDepth>
<LineNumber>60</LineNumber>
<HalsteadUniqueOperators>15</HalsteadUniqueOperators>
<HalsteadUniqueOperands>61</HalsteadUniqueOperands>
<HalsteadOperatorOccurrence>135</HalsteadOperatorOccurrence>
<HalsteadOperandOccurrence>156</HalsteadOperandOccurrence>
<HalsteadProgramLength>291</HalsteadProgramLength>
<HalsteadProgramVocabulary>76</HalsteadProgramVocabulary>
<HalsteadProgramVolume>1818.15</HalsteadProgramVolume>
<HalsteadProgramDifficulty>19.18</HalsteadProgramDifficulty>
<HalsteadProgramEffort>34872.65</HalsteadProgramEffort>
<HalsteadBugPrediction>0.61</HalsteadBugPrediction>
<SEIMaintainabilityIndex>106.19</SEIMaintainabilityIndex>
</TypeSummary>
<MethodMetricsList>
<MethodMetrics>
<MethodName>CheckFile</MethodName>
<LineNumber>24</LineNumber>
<CSharpCodeLines>9</CSharpCodeLines>
<CommentLines>0</CommentLines>
<CyclomaticComplexity>2</CyclomaticComplexity>
<Conditionals>1</Conditionals>
<DecisionDensity>0.22</DecisionDensity>
<MaxLoopDepth>0</MaxLoopDepth>
<MaxConditionalDepth>1</MaxConditionalDepth>
<LineNumber>27</LineNumber>
<HalsteadUniqueOperators>7</HalsteadUniqueOperators>
<HalsteadUniqueOperands>11</HalsteadUniqueOperands>
<HalsteadOperatorOccurrence>13</HalsteadOperatorOccurrence>
<HalsteadOperandOccurrence>15</HalsteadOperandOccurrence>
<HalsteadProgramLength>28</HalsteadProgramLength>
<HalsteadProgramVocabulary>18</HalsteadProgramVocabulary>
<HalsteadProgramVolume>116.76</HalsteadProgramVolume>
<HalsteadProgramDifficulty>4.77</HalsteadProgramDifficulty>
<HalsteadProgramEffort>557.25</HalsteadProgramEffort>
<HalsteadBugPrediction>0.04</HalsteadBugPrediction>
<SEIMaintainabilityIndex>110.19</SEIMaintainabilityIndex>
</MethodMetrics>
<MethodMetrics>
<MethodName>ExecuteStaticAnalysisTool</MethodName>
<LineNumber>66</LineNumber>
<CSharpCodeLines>7</CSharpCodeLines>
<CommentLines>0</CommentLines>
<CyclomaticComplexity>1</CyclomaticComplexity>
<Conditionals>0</Conditionals>
<DecisionDensity>0.14</DecisionDensity>
<MaxLoopDepth>0</MaxLoopDepth>
<MaxConditionalDepth>0</MaxConditionalDepth>
<HalsteadUniqueOperators>7</HalsteadUniqueOperators>
<HalsteadUniqueOperands>11</HalsteadUniqueOperands>
<HalsteadOperatorOccurrence>13</HalsteadOperatorOccurrence>
<HalsteadOperandOccurrence>16</HalsteadOperandOccurrence>
<HalsteadProgramLength>29</HalsteadProgramLength>
<HalsteadProgramVocabulary>18</HalsteadProgramVocabulary>
<HalsteadProgramVolume>120.93</HalsteadProgramVolume>
<HalsteadProgramDifficulty>5.09</HalsteadProgramDifficulty>
<HalsteadProgramEffort>615.63</HalsteadProgramEffort>
<HalsteadBugPrediction>0.04</HalsteadBugPrediction>
<SEIMaintainabilityIndex>114.31</SEIMaintainabilityIndex>
</MethodMetrics>
<MethodMetrics>
<MethodName>FxCopconstructor</MethodName>
<LineNumber>20</LineNumber>
<CSharpCodeLines>4</CSharpCodeLines>
<CommentLines>0</CommentLines>
<CyclomaticComplexity>1</CyclomaticComplexity>
<Conditionals>0</Conditionals>
<DecisionDensity>0.25</DecisionDensity>
<MaxLoopDepth>0</MaxLoopDepth>
<MaxConditionalDepth>0</MaxConditionalDepth>
<HalsteadUniqueOperators>5</HalsteadUniqueOperators>
<HalsteadUniqueOperands>5</HalsteadUniqueOperands>
<HalsteadOperatorOccurrence>6</HalsteadOperatorOccurrence>
<HalsteadOperandOccurrence>6</HalsteadOperandOccurrence>
<HalsteadProgramLength>12</HalsteadProgramLength>
<HalsteadProgramVocabulary>10</HalsteadProgramVocabulary>
<HalsteadProgramVolume>39.86</HalsteadProgramVolume>
<HalsteadProgramDifficulty>3.00</HalsteadProgramDifficulty>
<HalsteadProgramEffort>119.59</HalsteadProgramEffort>
<HalsteadBugPrediction>0.01</HalsteadBugPrediction>
<SEIMaintainabilityIndex>129.15</SEIMaintainabilityIndex>
</MethodMetrics>
<MethodMetrics>
<MethodName>GetFiles</MethodName>
<LineNumber>73</LineNumber>
<CSharpCodeLines>6</CSharpCodeLines>
<CommentLines>0</CommentLines>
<CyclomaticComplexity>1</CyclomaticComplexity>
<Conditionals>0</Conditionals>
<DecisionDensity>0.17</DecisionDensity>
<MaxLoopDepth>0</MaxLoopDepth>
<MaxConditionalDepth>0</MaxConditionalDepth>
<HalsteadUniqueOperators>7</HalsteadUniqueOperators>
<HalsteadUniqueOperands>11</HalsteadUniqueOperands>
<HalsteadOperatorOccurrence>14</HalsteadOperatorOccurrence>
<HalsteadOperandOccurrence>17</HalsteadOperandOccurrence>
<HalsteadProgramLength>31</HalsteadProgramLength>
<HalsteadProgramVocabulary>18</HalsteadProgramVocabulary>
<HalsteadProgramVolume>129.27</HalsteadProgramVolume>
<HalsteadProgramDifficulty>5.41</HalsteadProgramDifficulty>
<HalsteadProgramEffort>699.22</HalsteadProgramEffort>
<HalsteadBugPrediction>0.04</HalsteadBugPrediction>
<SEIMaintainabilityIndex>116.46</SEIMaintainabilityIndex>
</MethodMetrics>
<MethodMetrics>
<MethodName>PrepareArgument</MethodName>
<LineNumber>79</LineNumber>
<CSharpCodeLines>5</CSharpCodeLines>
<CommentLines>0</CommentLines>
<CyclomaticComplexity>1</CyclomaticComplexity>
<Conditionals>0</Conditionals>
<DecisionDensity>0.20</DecisionDensity>
<MaxLoopDepth>0</MaxLoopDepth>
<MaxConditionalDepth>0</MaxConditionalDepth>
<HalsteadUniqueOperators>7</HalsteadUniqueOperators>
<HalsteadUniqueOperands>10</HalsteadUniqueOperands>
<HalsteadOperatorOccurrence>11</HalsteadOperatorOccurrence>
<HalsteadOperandOccurrence>16</HalsteadOperandOccurrence>
<HalsteadProgramLength>27</HalsteadProgramLength>
<HalsteadProgramVocabulary>17</HalsteadProgramVocabulary>
<HalsteadProgramVolume>110.36</HalsteadProgramVolume>
<HalsteadProgramDifficulty>5.60</HalsteadProgramDifficulty>
<HalsteadProgramEffort>618.02</HalsteadProgramEffort>
<HalsteadBugPrediction>0.04</HalsteadBugPrediction>
<SEIMaintainabilityIndex>120.24</SEIMaintainabilityIndex>
</MethodMetrics>
<MethodMetrics>
<MethodName>PrepareInput</MethodName>
<LineNumber>33</LineNumber>
<CSharpCodeLines>22</CSharpCodeLines>
<CommentLines>0</CommentLines>
<CyclomaticComplexity>3</CyclomaticComplexity>
<Conditionals>2</Conditionals>
<DecisionDensity>0.14</DecisionDensity>
<MaxLoopDepth>0</MaxLoopDepth>
<MaxConditionalDepth>1</MaxConditionalDepth>
<LineNumber>40</LineNumber>
<HalsteadUniqueOperators>10</HalsteadUniqueOperators>
<HalsteadUniqueOperands>27</HalsteadUniqueOperands>
<HalsteadOperatorOccurrence>50</HalsteadOperatorOccurrence>
<HalsteadOperandOccurrence>46</HalsteadOperandOccurrence>
<HalsteadProgramLength>96</HalsteadProgramLength>
<HalsteadProgramVocabulary>37</HalsteadProgramVocabulary>
<HalsteadProgramVolume>500.11</HalsteadProgramVolume>
<HalsteadProgramDifficulty>8.52</HalsteadProgramDifficulty>
<HalsteadProgramEffort>4260.18</HalsteadProgramEffort>
<HalsteadBugPrediction>0.17</HalsteadBugPrediction>
<SEIMaintainabilityIndex>87.92</SEIMaintainabilityIndex>
</MethodMetrics>
<MethodMetrics>
<MethodName>ProcessOutput</MethodName>
<LineNumber>56</LineNumber>
<CSharpCodeLines>9</CSharpCodeLines>
<CommentLines>0</CommentLines>
<CyclomaticComplexity>2</CyclomaticComplexity>
<Conditionals>1</Conditionals>
<DecisionDensity>0.22</DecisionDensity>
<MaxLoopDepth>0</MaxLoopDepth>
<MaxConditionalDepth>1</MaxConditionalDepth>
<LineNumber>60</LineNumber>
<HalsteadUniqueOperators>8</HalsteadUniqueOperators>
<HalsteadUniqueOperands>14</HalsteadUniqueOperands>
<HalsteadOperatorOccurrence>19</HalsteadOperatorOccurrence>
<HalsteadOperandOccurrence>19</HalsteadOperandOccurrence>
<HalsteadProgramLength>38</HalsteadProgramLength>
<HalsteadProgramVocabulary>22</HalsteadProgramVocabulary>
<HalsteadProgramVolume>169.46</HalsteadProgramVolume>
<HalsteadProgramDifficulty>5.43</HalsteadProgramDifficulty>
<HalsteadProgramEffort>919.92</HalsteadProgramEffort>
<HalsteadBugPrediction>0.06</HalsteadBugPrediction>
<SEIMaintainabilityIndex>108.26</SEIMaintainabilityIndex>
</MethodMetrics>
</MethodMetricsList>
</TypeMetrics>
</TypeMetricsList>
</FileMetrics>
<FileMetrics>
<FileSummary>
<FileName>C:/Users/320050767/Source/Repos/G7CaseStudy13/StaticAnalyzer/StaticAnalyzer/PluginWrappers/FxCop/ParsingFxCop.cs</FileName>
<SourceLines>97</SourceLines>
<CSharpCodeLines>74</CSharpCodeLines>
<CommentLines>0</CommentLines>
<Types>1</Types>
<Methods>11</Methods>
<AggregateCyclomaticComplexity>11</AggregateCyclomaticComplexity>
<MeanCyclomaticComplexity>1.00</MeanCyclomaticComplexity>
<MedianCyclomaticComplexity>1.00</MedianCyclomaticComplexity>
<Conditionals>0</Conditionals>
<DecisionDensity>0.16</DecisionDensity>
<MaxLoopDepth>0</MaxLoopDepth>
<MaxConditionalDepth>0</MaxConditionalDepth>
<HalsteadUniqueOperators>13</HalsteadUniqueOperators>
<HalsteadUniqueOperands>54</HalsteadUniqueOperands>
<HalsteadOperatorOccurrence>168</HalsteadOperatorOccurrence>
<HalsteadOperandOccurrence>171</HalsteadOperandOccurrence>
<HalsteadProgramLength>339</HalsteadProgramLength>
<HalsteadProgramVocabulary>67</HalsteadProgramVocabulary>
<HalsteadProgramVolume>2056.40</HalsteadProgramVolume>
<HalsteadProgramDifficulty>20.58</HalsteadProgramDifficulty>
<HalsteadProgramEffort>42327.65</HalsteadProgramEffort>
<HalsteadBugPrediction>0.69</HalsteadBugPrediction>
<SEIMaintainabilityIndex>115.32</SEIMaintainabilityIndex>
</FileSummary>
<TypeMetricsList>
<TypeMetrics>
<TypeSummary>
<TypeName>Parser</TypeName>
<LineNumber>11</LineNumber>
<CSharpCodeLines>67</CSharpCodeLines>
<CommentLines>0</CommentLines>
<Methods>11</Methods>
<AggregateCyclomaticComplexity>11</AggregateCyclomaticComplexity>
<MeanCyclomaticComplexity>1.00</MeanCyclomaticComplexity>
<MedianCyclomaticComplexity>1.00</MedianCyclomaticComplexity>
<Conditionals>0</Conditionals>
<DecisionDensity>0.16</DecisionDensity>
<MaxLoopDepth>0</MaxLoopDepth>
<MaxConditionalDepth>0</MaxConditionalDepth>
<HalsteadUniqueOperators>11</HalsteadUniqueOperators>
<HalsteadUniqueOperands>37</HalsteadUniqueOperands>
<HalsteadOperatorOccurrence>146</HalsteadOperatorOccurrence>
<HalsteadOperandOccurrence>148</HalsteadOperandOccurrence>
<HalsteadProgramLength>294</HalsteadProgramLength>
<HalsteadProgramVocabulary>48</HalsteadProgramVocabulary>
<HalsteadProgramVolume>1641.98</HalsteadProgramVolume>
<HalsteadProgramDifficulty>22.00</HalsteadProgramDifficulty>
<HalsteadProgramEffort>36123.54</HalsteadProgramEffort>
<HalsteadBugPrediction>0.55</HalsteadBugPrediction>
<SEIMaintainabilityIndex>116.93</SEIMaintainabilityIndex>
</TypeSummary>
<MethodMetricsList>
<MethodMetrics>
<MethodName>GetAllIssues</MethodName>
<LineNumber>48</LineNumber>
<CSharpCodeLines>7</CSharpCodeLines>
<CommentLines>0</CommentLines>
<CyclomaticComplexity>1</CyclomaticComplexity>
<Conditionals>0</Conditionals>
<DecisionDensity>0.14</DecisionDensity>
<MaxLoopDepth>0</MaxLoopDepth>
<MaxConditionalDepth>0</MaxConditionalDepth>
<HalsteadUniqueOperators>7</HalsteadUniqueOperators>
<HalsteadUniqueOperands>8</HalsteadUniqueOperands>
<HalsteadOperatorOccurrence>10</HalsteadOperatorOccurrence>
<HalsteadOperandOccurrence>12</HalsteadOperandOccurrence>
<HalsteadProgramLength>22</HalsteadProgramLength>
<HalsteadProgramVocabulary>15</HalsteadProgramVocabulary>
<HalsteadProgramVolume>85.95</HalsteadProgramVolume>
<HalsteadProgramDifficulty>5.25</HalsteadProgramDifficulty>
<HalsteadProgramEffort>451.25</HalsteadProgramEffort>
<HalsteadBugPrediction>0.03</HalsteadBugPrediction>
<SEIMaintainabilityIndex>116.09</SEIMaintainabilityIndex>
</MethodMetrics>
<MethodMetrics>
<MethodName>GetCriticalErrors</MethodName>
<LineNumber>57</LineNumber>
<CSharpCodeLines>8</CSharpCodeLines>
<CommentLines>0</CommentLines>
<CyclomaticComplexity>1</CyclomaticComplexity>
<Conditionals>0</Conditionals>
<DecisionDensity>0.13</DecisionDensity>
<MaxLoopDepth>0</MaxLoopDepth>
<MaxConditionalDepth>0</MaxConditionalDepth>
<HalsteadUniqueOperators>7</HalsteadUniqueOperators>
<HalsteadUniqueOperands>8</HalsteadUniqueOperands>
<HalsteadOperatorOccurrence>11</HalsteadOperatorOccurrence>
<HalsteadOperandOccurrence>13</HalsteadOperandOccurrence>
<HalsteadProgramLength>24</HalsteadProgramLength>
<HalsteadProgramVocabulary>15</HalsteadProgramVocabulary>
<HalsteadProgramVolume>93.77</HalsteadProgramVolume>
<HalsteadProgramDifficulty>5.69</HalsteadProgramDifficulty>
<HalsteadProgramEffort>533.29</HalsteadProgramEffort>
<HalsteadBugPrediction>0.03</HalsteadBugPrediction>
<SEIMaintainabilityIndex>113.47</SEIMaintainabilityIndex>
</MethodMetrics>
<MethodMetrics>
<MethodName>GetCriticalWarnings</MethodName>
<LineNumber>77</LineNumber>
<CSharpCodeLines>8</CSharpCodeLines>
<CommentLines>0</CommentLines>
<CyclomaticComplexity>1</CyclomaticComplexity>
<Conditionals>0</Conditionals>
<DecisionDensity>0.13</DecisionDensity>
<MaxLoopDepth>0</MaxLoopDepth>
<MaxConditionalDepth>0</MaxConditionalDepth>
<HalsteadUniqueOperators>7</HalsteadUniqueOperators>
<HalsteadUniqueOperands>8</HalsteadUniqueOperands>
<HalsteadOperatorOccurrence>11</HalsteadOperatorOccurrence>
<HalsteadOperandOccurrence>13</HalsteadOperandOccurrence>
<HalsteadProgramLength>24</HalsteadProgramLength>
<HalsteadProgramVocabulary>15</HalsteadProgramVocabulary>
<HalsteadProgramVolume>93.77</HalsteadProgramVolume>
<HalsteadProgramDifficulty>5.69</HalsteadProgramDifficulty>
<HalsteadProgramEffort>533.29</HalsteadProgramEffort>
<HalsteadBugPrediction>0.03</HalsteadBugPrediction>
<SEIMaintainabilityIndex>113.47</SEIMaintainabilityIndex>
</MethodMetrics>
<MethodMetrics>
<MethodName>GetErrors</MethodName>
<LineNumber>67</LineNumber>
<CSharpCodeLines>8</CSharpCodeLines>
<CommentLines>0</CommentLines>
<CyclomaticComplexity>1</CyclomaticComplexity>
<Conditionals>0</Conditionals>
<DecisionDensity>0.13</DecisionDensity>
<MaxLoopDepth>0</MaxLoopDepth>
<MaxConditionalDepth>0</MaxConditionalDepth>
<HalsteadUniqueOperators>7</HalsteadUniqueOperators>
<HalsteadUniqueOperands>8</HalsteadUniqueOperands>
<HalsteadOperatorOccurrence>11</HalsteadOperatorOccurrence>
<HalsteadOperandOccurrence>13</HalsteadOperandOccurrence>
<HalsteadProgramLength>24</HalsteadProgramLength>
<HalsteadProgramVocabulary>15</HalsteadProgramVocabulary>
<HalsteadProgramVolume>93.77</HalsteadProgramVolume>
<HalsteadProgramDifficulty>5.69</HalsteadProgramDifficulty>
<HalsteadProgramEffort>533.29</HalsteadProgramEffort>
<HalsteadBugPrediction>0.03</HalsteadBugPrediction>
<SEIMaintainabilityIndex>113.47</SEIMaintainabilityIndex>
</MethodMetrics>
<MethodMetrics>
<MethodName>GetWarnings</MethodName>
<LineNumber>87</LineNumber>
<CSharpCodeLines>8</CSharpCodeLines>
<CommentLines>0</CommentLines>
<CyclomaticComplexity>1</CyclomaticComplexity>
<Conditionals>0</Conditionals>
<DecisionDensity>0.13</DecisionDensity>
<MaxLoopDepth>0</MaxLoopDepth>
<MaxConditionalDepth>0</MaxConditionalDepth>
<HalsteadUniqueOperators>7</HalsteadUniqueOperators>
<HalsteadUniqueOperands>8</HalsteadUniqueOperands>
<HalsteadOperatorOccurrence>11</HalsteadOperatorOccurrence>
<HalsteadOperandOccurrence>13</HalsteadOperandOccurrence>
<HalsteadProgramLength>24</HalsteadProgramLength>
<HalsteadProgramVocabulary>15</HalsteadProgramVocabulary>
<HalsteadProgramVolume>93.77</HalsteadProgramVolume>
<HalsteadProgramDifficulty>5.69</HalsteadProgramDifficulty>
<HalsteadProgramEffort>533.29</HalsteadProgramEffort>
<HalsteadBugPrediction>0.03</HalsteadBugPrediction>
<SEIMaintainabilityIndex>113.47</SEIMaintainabilityIndex>
</MethodMetrics>
<MethodMetrics>
<MethodName>NumberOfCriticalErrors</MethodName>
<LineNumber>40</LineNumber>
<CSharpCodeLines>1</CSharpCodeLines>
<CommentLines>0</CommentLines>
<CyclomaticComplexity>1</CyclomaticComplexity>
<Conditionals>0</Conditionals>
<DecisionDensity>1.00</DecisionDensity>
<MaxLoopDepth>0</MaxLoopDepth>
<MaxConditionalDepth>0</MaxConditionalDepth>
<HalsteadUniqueOperators>3</HalsteadUniqueOperators>
<HalsteadUniqueOperands>3</HalsteadUniqueOperands>
<HalsteadOperatorOccurrence>5</HalsteadOperatorOccurrence>
<HalsteadOperandOccurrence>4</HalsteadOperandOccurrence>
<HalsteadProgramLength>9</HalsteadProgramLength>
<HalsteadProgramVocabulary>6</HalsteadProgramVocabulary>
<HalsteadProgramVolume>23.26</HalsteadProgramVolume>
<HalsteadProgramDifficulty>2.00</HalsteadProgramDifficulty>
<HalsteadProgramEffort>46.53</HalsteadProgramEffort>
<HalsteadBugPrediction>0.01</HalsteadBugPrediction>
<SEIMaintainabilityIndex>154.41</SEIMaintainabilityIndex>
</MethodMetrics>
<MethodMetrics>
<MethodName>NumberOfCriticalWarnings</MethodName>
<LineNumber>44</LineNumber>
<CSharpCodeLines>1</CSharpCodeLines>
<CommentLines>0</CommentLines>
<CyclomaticComplexity>1</CyclomaticComplexity>
<Conditionals>0</Conditionals>
<DecisionDensity>1.00</DecisionDensity>
<MaxLoopDepth>0</MaxLoopDepth>
<MaxConditionalDepth>0</MaxConditionalDepth>
<HalsteadUniqueOperators>3</HalsteadUniqueOperators>
<HalsteadUniqueOperands>3</HalsteadUniqueOperands>
<HalsteadOperatorOccurrence>5</HalsteadOperatorOccurrence>
<HalsteadOperandOccurrence>4</HalsteadOperandOccurrence>
<HalsteadProgramLength>9</HalsteadProgramLength>
<HalsteadProgramVocabulary>6</HalsteadProgramVocabulary>
<HalsteadProgramVolume>23.26</HalsteadProgramVolume>
<HalsteadProgramDifficulty>2.00</HalsteadProgramDifficulty>
<HalsteadProgramEffort>46.53</HalsteadProgramEffort>
<HalsteadBugPrediction>0.01</HalsteadBugPrediction>
<SEIMaintainabilityIndex>154.41</SEIMaintainabilityIndex>
</MethodMetrics>
<MethodMetrics>
<MethodName>NumberOfErrors</MethodName>
<LineNumber>42</LineNumber>
<CSharpCodeLines>1</CSharpCodeLines>
<CommentLines>0</CommentLines>
<CyclomaticComplexity>1</CyclomaticComplexity>
<Conditionals>0</Conditionals>
<DecisionDensity>1.00</DecisionDensity>
<MaxLoopDepth>0</MaxLoopDepth>
<MaxConditionalDepth>0</MaxConditionalDepth>
<HalsteadUniqueOperators>3</HalsteadUniqueOperators>
<HalsteadUniqueOperands>3</HalsteadUniqueOperands>
<HalsteadOperatorOccurrence>5</HalsteadOperatorOccurrence>
<HalsteadOperandOccurrence>4</HalsteadOperandOccurrence>
<HalsteadProgramLength>9</HalsteadProgramLength>
<HalsteadProgramVocabulary>6</HalsteadProgramVocabulary>
<HalsteadProgramVolume>23.26</HalsteadProgramVolume>
<HalsteadProgramDifficulty>2.00</HalsteadProgramDifficulty>
<HalsteadProgramEffort>46.53</HalsteadProgramEffort>
<HalsteadBugPrediction>0.01</HalsteadBugPrediction>
<SEIMaintainabilityIndex>154.41</SEIMaintainabilityIndex>
</MethodMetrics>
<MethodMetrics>
<MethodName>NumberOfIssues</MethodName>
<LineNumber>38</LineNumber>
<CSharpCodeLines>1</CSharpCodeLines>
<CommentLines>0</CommentLines>
<CyclomaticComplexity>1</CyclomaticComplexity>
<Conditionals>0</Conditionals>
<DecisionDensity>1.00</DecisionDensity>
<MaxLoopDepth>0</MaxLoopDepth>
<MaxConditionalDepth>0</MaxConditionalDepth>
<HalsteadUniqueOperators>3</HalsteadUniqueOperators>
<HalsteadUniqueOperands>3</HalsteadUniqueOperands>
<HalsteadOperatorOccurrence>5</HalsteadOperatorOccurrence>
<HalsteadOperandOccurrence>4</HalsteadOperandOccurrence>
<HalsteadProgramLength>9</HalsteadProgramLength>
<HalsteadProgramVocabulary>6</HalsteadProgramVocabulary>
<HalsteadProgramVolume>23.26</HalsteadProgramVolume>
<HalsteadProgramDifficulty>2.00</HalsteadProgramDifficulty>
<HalsteadProgramEffort>46.53</HalsteadProgramEffort>
<HalsteadBugPrediction>0.01</HalsteadBugPrediction>
<SEIMaintainabilityIndex>154.41</SEIMaintainabilityIndex>
</MethodMetrics>
<MethodMetrics>
<MethodName>NumberOfWarnings</MethodName>
<LineNumber>46</LineNumber>
<CSharpCodeLines>1</CSharpCodeLines>
<CommentLines>0</CommentLines>
<CyclomaticComplexity>1</CyclomaticComplexity>
<Conditionals>0</Conditionals>
<DecisionDensity>1.00</DecisionDensity>
<MaxLoopDepth>0</MaxLoopDepth>
<MaxConditionalDepth>0</MaxConditionalDepth>
<HalsteadUniqueOperators>3</HalsteadUniqueOperators>
<HalsteadUniqueOperands>3</HalsteadUniqueOperands>
<HalsteadOperatorOccurrence>5</HalsteadOperatorOccurrence>
<HalsteadOperandOccurrence>4</HalsteadOperandOccurrence>
<HalsteadProgramLength>9</HalsteadProgramLength>
<HalsteadProgramVocabulary>6</HalsteadProgramVocabulary>
<HalsteadProgramVolume>23.26</HalsteadProgramVolume>
<HalsteadProgramDifficulty>2.00</HalsteadProgramDifficulty>
<HalsteadProgramEffort>46.53</HalsteadProgramEffort>
<HalsteadBugPrediction>0.01</HalsteadBugPrediction>
<SEIMaintainabilityIndex>154.41</SEIMaintainabilityIndex>
</MethodMetrics>
<MethodMetrics>
<MethodName>Parserconstructor</MethodName>
<LineNumber>15</LineNumber>
<CSharpCodeLines>19</CSharpCodeLines>
<CommentLines>0</CommentLines>
<CyclomaticComplexity>1</CyclomaticComplexity>
<Conditionals>0</Conditionals>
<DecisionDensity>0.05</DecisionDensity>
<MaxLoopDepth>0</MaxLoopDepth>
<MaxConditionalDepth>0</MaxConditionalDepth>
<HalsteadUniqueOperators>6</HalsteadUniqueOperators>
<HalsteadUniqueOperands>30</HalsteadUniqueOperands>
<HalsteadOperatorOccurrence>65</HalsteadOperatorOccurrence>
<HalsteadOperandOccurrence>63</HalsteadOperandOccurrence>
<HalsteadProgramLength>128</HalsteadProgramLength>
<HalsteadProgramVocabulary>36</HalsteadProgramVocabulary>
<HalsteadProgramVolume>661.75</HalsteadProgramVolume>
<HalsteadProgramDifficulty>6.30</HalsteadProgramDifficulty>
<HalsteadProgramEffort>4169.03</HalsteadProgramEffort>
<HalsteadBugPrediction>0.22</HalsteadBugPrediction>
<SEIMaintainabilityIndex>89.30</SEIMaintainabilityIndex>
</MethodMetrics>
</MethodMetricsList>
</TypeMetrics>
</TypeMetricsList>
</FileMetrics>
<FileMetrics>
<FileSummary>
<FileName>C:/Users/320050767/Source/Repos/G7CaseStudy13/StaticAnalyzer/StaticAnalyzer/PluginWrappers/NDeped/Ndepend.cs</FileName>
<SourceLines>92</SourceLines>
<CSharpCodeLines>86</CSharpCodeLines>
<CommentLines>0</CommentLines>
<Types>1</Types>
<Methods>7</Methods>
<AggregateCyclomaticComplexity>10</AggregateCyclomaticComplexity>
<MeanCyclomaticComplexity>1.43</MeanCyclomaticComplexity>
<MedianCyclomaticComplexity>1.00</MedianCyclomaticComplexity>
<Conditionals>3</Conditionals>
<DecisionDensity>0.13</DecisionDensity>
<MaxLoopDepth>0</MaxLoopDepth>
<MaxConditionalDepth>1</MaxConditionalDepth>
<LineNumber>62</LineNumber>
<HalsteadUniqueOperators>14</HalsteadUniqueOperators>
<HalsteadUniqueOperands>88</HalsteadUniqueOperands>
<HalsteadOperatorOccurrence>176</HalsteadOperatorOccurrence>
<HalsteadOperandOccurrence>202</HalsteadOperandOccurrence>
<HalsteadProgramLength>378</HalsteadProgramLength>
<HalsteadProgramVocabulary>102</HalsteadProgramVocabulary>
<HalsteadProgramVolume>2522.18</HalsteadProgramVolume>
<HalsteadProgramDifficulty>16.07</HalsteadProgramDifficulty>
<HalsteadProgramEffort>40526.80</HalsteadProgramEffort>
<HalsteadBugPrediction>0.84</HalsteadBugPrediction>
<SEIMaintainabilityIndex>102.67</SEIMaintainabilityIndex>
</FileSummary>
<TypeMetricsList>
<TypeMetrics>
<TypeSummary>
<TypeName>Ndepend</TypeName>
<LineNumber>12</LineNumber>
<CSharpCodeLines>76</CSharpCodeLines>
<CommentLines>0</CommentLines>
<Methods>7</Methods>
<AggregateCyclomaticComplexity>10</AggregateCyclomaticComplexity>
<MeanCyclomaticComplexity>1.43</MeanCyclomaticComplexity>
<MedianCyclomaticComplexity>1.00</MedianCyclomaticComplexity>
<Conditionals>3</Conditionals>
<DecisionDensity>0.13</DecisionDensity>
<MaxLoopDepth>0</MaxLoopDepth>
<MaxConditionalDepth>1</MaxConditionalDepth>
<LineNumber>62</LineNumber>
<HalsteadUniqueOperators>13</HalsteadUniqueOperators>
<HalsteadUniqueOperands>67</HalsteadUniqueOperands>
<HalsteadOperatorOccurrence>148</HalsteadOperatorOccurrence>
<HalsteadOperandOccurrence>173</HalsteadOperandOccurrence>
<HalsteadProgramLength>321</HalsteadProgramLength>
<HalsteadProgramVocabulary>80</HalsteadProgramVocabulary>
<HalsteadProgramVolume>2029.34</HalsteadProgramVolume>
<HalsteadProgramDifficulty>16.78</HalsteadProgramDifficulty>
<HalsteadProgramEffort>34059.58</HalsteadProgramEffort>
<HalsteadBugPrediction>0.68</HalsteadBugPrediction>
<SEIMaintainabilityIndex>104.67</SEIMaintainabilityIndex>
</TypeSummary>
<MethodMetricsList>
<MethodMetrics>
<MethodName>CheckFile</MethodName>
<LineNumber>48</LineNumber>
<CSharpCodeLines>9</CSharpCodeLines>
<CommentLines>0</CommentLines>
<CyclomaticComplexity>2</CyclomaticComplexity>
<Conditionals>1</Conditionals>
<DecisionDensity>0.22</DecisionDensity>
<MaxLoopDepth>0</MaxLoopDepth>
<MaxConditionalDepth>1</MaxConditionalDepth>
<LineNumber>51</LineNumber>
<HalsteadUniqueOperators>7</HalsteadUniqueOperators>
<HalsteadUniqueOperands>11</HalsteadUniqueOperands>
<HalsteadOperatorOccurrence>13</HalsteadOperatorOccurrence>
<HalsteadOperandOccurrence>15</HalsteadOperandOccurrence>
<HalsteadProgramLength>28</HalsteadProgramLength>
<HalsteadProgramVocabulary>18</HalsteadProgramVocabulary>
<HalsteadProgramVolume>116.76</HalsteadProgramVolume>
<HalsteadProgramDifficulty>4.77</HalsteadProgramDifficulty>
<HalsteadProgramEffort>557.25</HalsteadProgramEffort>
<HalsteadBugPrediction>0.04</HalsteadBugPrediction>
<SEIMaintainabilityIndex>110.19</SEIMaintainabilityIndex>
</MethodMetrics>
<MethodMetrics>
<MethodName>ExecuteStaticAnalysisTool</MethodName>
<LineNumber>72</LineNumber>
<CSharpCodeLines>7</CSharpCodeLines>
<CommentLines>0</CommentLines>
<CyclomaticComplexity>1</CyclomaticComplexity>
<Conditionals>0</Conditionals>
<DecisionDensity>0.14</DecisionDensity>
<MaxLoopDepth>0</MaxLoopDepth>
<MaxConditionalDepth>0</MaxConditionalDepth>
<HalsteadUniqueOperators>7</HalsteadUniqueOperators>
<HalsteadUniqueOperands>11</HalsteadUniqueOperands>
<HalsteadOperatorOccurrence>13</HalsteadOperatorOccurrence>
<HalsteadOperandOccurrence>16</HalsteadOperandOccurrence>
<HalsteadProgramLength>29</HalsteadProgramLength>
<HalsteadProgramVocabulary>18</HalsteadProgramVocabulary>
<HalsteadProgramVolume>120.93</HalsteadProgramVolume>
<HalsteadProgramDifficulty>5.09</HalsteadProgramDifficulty>
<HalsteadProgramEffort>615.63</HalsteadProgramEffort>
<HalsteadBugPrediction>0.04</HalsteadBugPrediction>
<SEIMaintainabilityIndex>114.31</SEIMaintainabilityIndex>
</MethodMetrics>
<MethodMetrics>
<MethodName>GetFiles</MethodName>
<LineNumber>79</LineNumber>
<CSharpCodeLines>6</CSharpCodeLines>
<CommentLines>0</CommentLines>
<CyclomaticComplexity>1</CyclomaticComplexity>
<Conditionals>0</Conditionals>
<DecisionDensity>0.17</DecisionDensity>
<MaxLoopDepth>0</MaxLoopDepth>
<MaxConditionalDepth>0</MaxConditionalDepth>
<HalsteadUniqueOperators>7</HalsteadUniqueOperators>
<HalsteadUniqueOperands>11</HalsteadUniqueOperands>
<HalsteadOperatorOccurrence>14</HalsteadOperatorOccurrence>
<HalsteadOperandOccurrence>17</HalsteadOperandOccurrence>
<HalsteadProgramLength>31</HalsteadProgramLength>
<HalsteadProgramVocabulary>18</HalsteadProgramVocabulary>
<HalsteadProgramVolume>129.27</HalsteadProgramVolume>
<HalsteadProgramDifficulty>5.41</HalsteadProgramDifficulty>
<HalsteadProgramEffort>699.22</HalsteadProgramEffort>
<HalsteadBugPrediction>0.04</HalsteadBugPrediction>
<SEIMaintainabilityIndex>116.46</SEIMaintainabilityIndex>
</MethodMetrics>
<MethodMetrics>
<MethodName>Ndependconstructor</MethodName>
<LineNumber>20</LineNumber>
<CSharpCodeLines>4</CSharpCodeLines>
<CommentLines>0</CommentLines>
<CyclomaticComplexity>1</CyclomaticComplexity>
<Conditionals>0</Conditionals>
<DecisionDensity>0.25</DecisionDensity>
<MaxLoopDepth>0</MaxLoopDepth>
<MaxConditionalDepth>0</MaxConditionalDepth>
<HalsteadUniqueOperators>5</HalsteadUniqueOperators>
<HalsteadUniqueOperands>5</HalsteadUniqueOperands>
<HalsteadOperatorOccurrence>6</HalsteadOperatorOccurrence>
<HalsteadOperandOccurrence>6</HalsteadOperandOccurrence>
<HalsteadProgramLength>12</HalsteadProgramLength>
<HalsteadProgramVocabulary>10</HalsteadProgramVocabulary>
<HalsteadProgramVolume>39.86</HalsteadProgramVolume>
<HalsteadProgramDifficulty>3.00</HalsteadProgramDifficulty>
<HalsteadProgramEffort>119.59</HalsteadProgramEffort>
<HalsteadBugPrediction>0.01</HalsteadBugPrediction>
<SEIMaintainabilityIndex>129.15</SEIMaintainabilityIndex>
</MethodMetrics>
<MethodMetrics>
<MethodName>PrepareArgument</MethodName>
<LineNumber>85</LineNumber>
<CSharpCodeLines>5</CSharpCodeLines>
<CommentLines>0</CommentLines>
<CyclomaticComplexity>1</CyclomaticComplexity>
<Conditionals>0</Conditionals>
<DecisionDensity>0.20</DecisionDensity>
<MaxLoopDepth>0</MaxLoopDepth>
<MaxConditionalDepth>0</MaxConditionalDepth>
<HalsteadUniqueOperators>7</HalsteadUniqueOperators>
<HalsteadUniqueOperands>8</HalsteadUniqueOperands>
<HalsteadOperatorOccurrence>9</HalsteadOperatorOccurrence>
<HalsteadOperandOccurrence>14</HalsteadOperandOccurrence>
<HalsteadProgramLength>23</HalsteadProgramLength>
<HalsteadProgramVocabulary>15</HalsteadProgramVocabulary>
<HalsteadProgramVolume>89.86</HalsteadProgramVolume>
<HalsteadProgramDifficulty>6.13</HalsteadProgramDifficulty>
<HalsteadProgramEffort>550.38</HalsteadProgramEffort>
<HalsteadBugPrediction>0.03</HalsteadBugPrediction>
<SEIMaintainabilityIndex>121.31</SEIMaintainabilityIndex>
</MethodMetrics>
<MethodMetrics>
<MethodName>PrepareInput</MethodName>
<LineNumber>24</LineNumber>
<CSharpCodeLines>21</CSharpCodeLines>
<CommentLines>0</CommentLines>
<CyclomaticComplexity>2</CyclomaticComplexity>
<Conditionals>1</Conditionals>
<DecisionDensity>0.10</DecisionDensity>
<MaxLoopDepth>0</MaxLoopDepth>
<MaxConditionalDepth>1</MaxConditionalDepth>
<LineNumber>38</LineNumber>
<HalsteadUniqueOperators>9</HalsteadUniqueOperators>
<HalsteadUniqueOperands>30</HalsteadUniqueOperands>
<HalsteadOperatorOccurrence>52</HalsteadOperatorOccurrence>
<HalsteadOperandOccurrence>52</HalsteadOperandOccurrence>
<HalsteadProgramLength>104</HalsteadProgramLength>
<HalsteadProgramVocabulary>39</HalsteadProgramVocabulary>
<HalsteadProgramVolume>549.68</HalsteadProgramVolume>
<HalsteadProgramDifficulty>7.80</HalsteadProgramDifficulty>
<HalsteadProgramEffort>4287.52</HalsteadProgramEffort>
<HalsteadBugPrediction>0.18</HalsteadBugPrediction>
<SEIMaintainabilityIndex>88.41</SEIMaintainabilityIndex>
</MethodMetrics>
<MethodMetrics>
<MethodName>ProcessOutput</MethodName>
<LineNumber>57</LineNumber>
<CSharpCodeLines>14</CSharpCodeLines>
<CommentLines>0</CommentLines>
<CyclomaticComplexity>2</CyclomaticComplexity>
<Conditionals>1</Conditionals>
<DecisionDensity>0.14</DecisionDensity>
<MaxLoopDepth>0</MaxLoopDepth>
<MaxConditionalDepth>1</MaxConditionalDepth>
<LineNumber>62</LineNumber>
<HalsteadUniqueOperators>8</HalsteadUniqueOperators>
<HalsteadUniqueOperands>19</HalsteadUniqueOperands>
<HalsteadOperatorOccurrence>32</HalsteadOperatorOccurrence>
<HalsteadOperandOccurrence>32</HalsteadOperandOccurrence>
<HalsteadProgramLength>64</HalsteadProgramLength>
<HalsteadProgramVocabulary>27</HalsteadProgramVocabulary>
<HalsteadProgramVolume>304.31</HalsteadProgramVolume>
<HalsteadProgramDifficulty>6.74</HalsteadProgramDifficulty>
<HalsteadProgramEffort>2050.11</HalsteadProgramEffort>
<HalsteadBugPrediction>0.10</HalsteadBugPrediction>
<SEIMaintainabilityIndex>98.05</SEIMaintainabilityIndex>
</MethodMetrics>
</MethodMetricsList>
</TypeMetrics>
</TypeMetricsList>
</FileMetrics>
<FileMetrics>
<FileSummary>
<FileName>C:/Users/320050767/Source/Repos/G7CaseStudy13/StaticAnalyzer/StaticAnalyzer/PluginWrappers/NDeped/ParsingXmlNDepend.cs</FileName>
<SourceLines>81</SourceLines>
<CSharpCodeLines>65</CSharpCodeLines>
<CommentLines>8</CommentLines>
<Types>1</Types>
<Methods>1</Methods>
<AggregateCyclomaticComplexity>16</AggregateCyclomaticComplexity>
<MeanCyclomaticComplexity>16.00</MeanCyclomaticComplexity>
<MedianCyclomaticComplexity>16.00</MedianCyclomaticComplexity>
<Conditionals>15</Conditionals>
<DecisionDensity>0.29</DecisionDensity>
<MaxLoopDepth>2</MaxLoopDepth>
<LineNumber>23</LineNumber>
<MaxConditionalDepth>5</MaxConditionalDepth>
<LineNumber>23</LineNumber>
<HalsteadUniqueOperators>25</HalsteadUniqueOperators>
<HalsteadUniqueOperands>61</HalsteadUniqueOperands>
<HalsteadOperatorOccurrence>149</HalsteadOperatorOccurrence>
<HalsteadOperandOccurrence>122</HalsteadOperandOccurrence>
<HalsteadProgramLength>271</HalsteadProgramLength>
<HalsteadProgramVocabulary>86</HalsteadProgramVocabulary>
<HalsteadProgramVolume>1741.52</HalsteadProgramVolume>
<HalsteadProgramDifficulty>25.00</HalsteadProgramDifficulty>
<HalsteadProgramEffort>43537.94</HalsteadProgramEffort>
<HalsteadBugPrediction>0.58</HalsteadBugPrediction>
<SEIMaintainabilityIndex>91.52</SEIMaintainabilityIndex>
</FileSummary>
<TypeMetricsList>
<TypeMetrics>
<TypeSummary>
<TypeName>ParsingXmlNDepend</TypeName>
<LineNumber>12</LineNumber>
<CSharpCodeLines>56</CSharpCodeLines>
<CommentLines>8</CommentLines>
<Methods>1</Methods>
<AggregateCyclomaticComplexity>16</AggregateCyclomaticComplexity>
<MeanCyclomaticComplexity>16.00</MeanCyclomaticComplexity>
<MedianCyclomaticComplexity>16.00</MedianCyclomaticComplexity>
<Conditionals>15</Conditionals>
<DecisionDensity>0.29</DecisionDensity>
<MaxLoopDepth>2</MaxLoopDepth>
<LineNumber>23</LineNumber>
<MaxConditionalDepth>5</MaxConditionalDepth>
<LineNumber>23</LineNumber>
<HalsteadUniqueOperators>23</HalsteadUniqueOperators>
<HalsteadUniqueOperands>44</HalsteadUniqueOperands>
<HalsteadOperatorOccurrence>125</HalsteadOperatorOccurrence>
<HalsteadOperandOccurrence>98</HalsteadOperandOccurrence>
<HalsteadProgramLength>223</HalsteadProgramLength>
<HalsteadProgramVocabulary>67</HalsteadProgramVocabulary>
<HalsteadProgramVolume>1352.74</HalsteadProgramVolume>
<HalsteadProgramDifficulty>25.61</HalsteadProgramDifficulty>
<HalsteadProgramEffort>34648.54</HalsteadProgramEffort>
<HalsteadBugPrediction>0.45</HalsteadBugPrediction>
<SEIMaintainabilityIndex>93.94</SEIMaintainabilityIndex>
</TypeSummary>
<MethodMetricsList>
<MethodMetrics>
<MethodName>ShowingResultsAfterParsingNDependXml</MethodName>
<LineNumber>14</LineNumber>
<CSharpCodeLines>52</CSharpCodeLines>
<CommentLines>8</CommentLines>
<CyclomaticComplexity>16</CyclomaticComplexity>
<Conditionals>15</Conditionals>
<DecisionDensity>0.31</DecisionDensity>
<MaxLoopDepth>2</MaxLoopDepth>
<LineNumber>23</LineNumber>
<MaxConditionalDepth>5</MaxConditionalDepth>
<LineNumber>23</LineNumber>
<HalsteadUniqueOperators>22</HalsteadUniqueOperators>
<HalsteadUniqueOperands>42</HalsteadUniqueOperands>
<HalsteadOperatorOccurrence>123</HalsteadOperatorOccurrence>
<HalsteadOperandOccurrence>96</HalsteadOperandOccurrence>
<HalsteadProgramLength>219</HalsteadProgramLength>
<HalsteadProgramVocabulary>64</HalsteadProgramVocabulary>
<HalsteadProgramVolume>1314.00</HalsteadProgramVolume>
<HalsteadProgramDifficulty>25.14</HalsteadProgramDifficulty>
<HalsteadProgramEffort>33037.71</HalsteadProgramEffort>
<HalsteadBugPrediction>0.44</HalsteadBugPrediction>
<SEIMaintainabilityIndex>95.14</SEIMaintainabilityIndex>
</MethodMetrics>
</MethodMetricsList>
</TypeMetrics>
</TypeMetricsList>
</FileMetrics>
<FileMetrics>
<FileSummary>
<FileName>C:/Users/320050767/Source/Repos/G7CaseStudy13/StaticAnalyzer/StaticAnalyzer/Program.cs</FileName>
<SourceLines>71</SourceLines>
<CSharpCodeLines>65</CSharpCodeLines>
<CommentLines>0</CommentLines>
<Types>1</Types>
<Methods>4</Methods>
<AggregateCyclomaticComplexity>10</AggregateCyclomaticComplexity>
<MeanCyclomaticComplexity>2.50</MeanCyclomaticComplexity>
<MedianCyclomaticComplexity>2.00</MedianCyclomaticComplexity>
<Conditionals>6</Conditionals>
<DecisionDensity>0.18</DecisionDensity>
<MaxLoopDepth>0</MaxLoopDepth>
<MaxConditionalDepth>3</MaxConditionalDepth>
<LineNumber>44</LineNumber>
<HalsteadUniqueOperators>17</HalsteadUniqueOperators>
<HalsteadUniqueOperands>62</HalsteadUniqueOperands>
<HalsteadOperatorOccurrence>129</HalsteadOperatorOccurrence>
<HalsteadOperandOccurrence>125</HalsteadOperandOccurrence>
<HalsteadProgramLength>254</HalsteadProgramLength>
<HalsteadProgramVocabulary>79</HalsteadProgramVocabulary>
<HalsteadProgramVolume>1601.16</HalsteadProgramVolume>
<HalsteadProgramDifficulty>17.14</HalsteadProgramDifficulty>
<HalsteadProgramEffort>27439.24</HalsteadProgramEffort>
<HalsteadBugPrediction>0.53</HalsteadBugPrediction>
<SEIMaintainabilityIndex>97.01</SEIMaintainabilityIndex>
</FileSummary>
<TypeMetricsList>
<TypeMetrics>
<TypeSummary>
<TypeName>Program</TypeName>
<LineNumber>12</LineNumber>
<CSharpCodeLines>55</CSharpCodeLines>
<CommentLines>0</CommentLines>
<Methods>4</Methods>
<AggregateCyclomaticComplexity>10</AggregateCyclomaticComplexity>
<MeanCyclomaticComplexity>2.50</MeanCyclomaticComplexity>
<MedianCyclomaticComplexity>2.00</MedianCyclomaticComplexity>
<Conditionals>6</Conditionals>
<DecisionDensity>0.18</DecisionDensity>
<MaxLoopDepth>0</MaxLoopDepth>
<MaxConditionalDepth>3</MaxConditionalDepth>
<LineNumber>44</LineNumber>
<HalsteadUniqueOperators>15</HalsteadUniqueOperators>
<HalsteadUniqueOperands>45</HalsteadUniqueOperands>
<HalsteadOperatorOccurrence>102</HalsteadOperatorOccurrence>
<HalsteadOperandOccurrence>98</HalsteadOperandOccurrence>
<HalsteadProgramLength>200</HalsteadProgramLength>
<HalsteadProgramVocabulary>60</HalsteadProgramVocabulary>
<HalsteadProgramVolume>1181.38</HalsteadProgramVolume>
<HalsteadProgramDifficulty>16.33</HalsteadProgramDifficulty>
<HalsteadProgramEffort>19295.84</HalsteadProgramEffort>
<HalsteadBugPrediction>0.39</HalsteadBugPrediction>
<SEIMaintainabilityIndex>99.71</SEIMaintainabilityIndex>
</TypeSummary>
<MethodMetricsList>
<MethodMetrics>
<MethodName>CheckDirectory</MethodName>
<LineNumber>25</LineNumber>
<CSharpCodeLines>9</CSharpCodeLines>
<CommentLines>0</CommentLines>
<CyclomaticComplexity>2</CyclomaticComplexity>
<Conditionals>1</Conditionals>
<DecisionDensity>0.22</DecisionDensity>
<MaxLoopDepth>0</MaxLoopDepth>
<MaxConditionalDepth>1</MaxConditionalDepth>
<LineNumber>28</LineNumber>
<HalsteadUniqueOperators>7</HalsteadUniqueOperators>
<HalsteadUniqueOperands>11</HalsteadUniqueOperands>
<HalsteadOperatorOccurrence>13</HalsteadOperatorOccurrence>
<HalsteadOperandOccurrence>15</HalsteadOperandOccurrence>
<HalsteadProgramLength>28</HalsteadProgramLength>
<HalsteadProgramVocabulary>18</HalsteadProgramVocabulary>
<HalsteadProgramVolume>116.76</HalsteadProgramVolume>
<HalsteadProgramDifficulty>4.77</HalsteadProgramDifficulty>
<HalsteadProgramEffort>557.25</HalsteadProgramEffort>
<HalsteadBugPrediction>0.04</HalsteadBugPrediction>
<SEIMaintainabilityIndex>110.19</SEIMaintainabilityIndex>
</MethodMetrics>
<MethodMetrics>
<MethodName>CheckFile</MethodName>
<LineNumber>16</LineNumber>
<CSharpCodeLines>9</CSharpCodeLines>
<CommentLines>0</CommentLines>
<CyclomaticComplexity>2</CyclomaticComplexity>
<Conditionals>1</Conditionals>
<DecisionDensity>0.22</DecisionDensity>
<MaxLoopDepth>0</MaxLoopDepth>
<MaxConditionalDepth>1</MaxConditionalDepth>
<LineNumber>19</LineNumber>
<HalsteadUniqueOperators>7</HalsteadUniqueOperators>
<HalsteadUniqueOperands>11</HalsteadUniqueOperands>
<HalsteadOperatorOccurrence>13</HalsteadOperatorOccurrence>
<HalsteadOperandOccurrence>15</HalsteadOperandOccurrence>
<HalsteadProgramLength>28</HalsteadProgramLength>
<HalsteadProgramVocabulary>18</HalsteadProgramVocabulary>
<HalsteadProgramVolume>116.76</HalsteadProgramVolume>
<HalsteadProgramDifficulty>4.77</HalsteadProgramDifficulty>
<HalsteadProgramEffort>557.25</HalsteadProgramEffort>
<HalsteadBugPrediction>0.04</HalsteadBugPrediction>
<SEIMaintainabilityIndex>110.19</SEIMaintainabilityIndex>
</MethodMetrics>
<MethodMetrics>
<MethodName>LoadConfiguration</MethodName>
<LineNumber>64</LineNumber>
<CSharpCodeLines>6</CSharpCodeLines>
<CommentLines>0</CommentLines>
<CyclomaticComplexity>1</CyclomaticComplexity>
<Conditionals>0</Conditionals>
<DecisionDensity>0.17</DecisionDensity>
<MaxLoopDepth>0</MaxLoopDepth>
<MaxConditionalDepth>0</MaxConditionalDepth>
<HalsteadUniqueOperators>9</HalsteadUniqueOperators>
<HalsteadUniqueOperands>10</HalsteadUniqueOperands>
<HalsteadOperatorOccurrence>13</HalsteadOperatorOccurrence>
<HalsteadOperandOccurrence>16</HalsteadOperandOccurrence>
<HalsteadProgramLength>29</HalsteadProgramLength>
<HalsteadProgramVocabulary>19</HalsteadProgramVocabulary>
<HalsteadProgramVolume>123.19</HalsteadProgramVolume>
<HalsteadProgramDifficulty>7.20</HalsteadProgramDifficulty>
<HalsteadProgramEffort>886.97</HalsteadProgramEffort>
<HalsteadBugPrediction>0.04</HalsteadBugPrediction>
<SEIMaintainabilityIndex>116.71</SEIMaintainabilityIndex>
</MethodMetrics>
<MethodMetrics>
<MethodName>Main</MethodName>
<LineNumber>34</LineNumber>
<CSharpCodeLines>26</CSharpCodeLines>
<CommentLines>0</CommentLines>
<CyclomaticComplexity>5</CyclomaticComplexity>
<Conditionals>4</Conditionals>
<DecisionDensity>0.19</DecisionDensity>
<MaxLoopDepth>0</MaxLoopDepth>
<MaxConditionalDepth>3</MaxConditionalDepth>
<LineNumber>44</LineNumber>
<HalsteadUniqueOperators>12</HalsteadUniqueOperators>
<HalsteadUniqueOperands>28</HalsteadUniqueOperands>
<HalsteadOperatorOccurrence>59</HalsteadOperatorOccurrence>
<HalsteadOperandOccurrence>46</HalsteadOperandOccurrence>
<HalsteadProgramLength>105</HalsteadProgramLength>
<HalsteadProgramVocabulary>40</HalsteadProgramVocabulary>
<HalsteadProgramVolume>558.80</HalsteadProgramVolume>
<HalsteadProgramDifficulty>9.86</HalsteadProgramDifficulty>
<HalsteadProgramEffort>5508.20</HalsteadProgramEffort>
<HalsteadBugPrediction>0.19</HalsteadBugPrediction>
<SEIMaintainabilityIndex>84.17</SEIMaintainabilityIndex>
</MethodMetrics>
</MethodMetricsList>
</TypeMetrics>
</TypeMetricsList>
</FileMetrics>
<FileMetrics>
<FileSummary>
<FileName>C:/Users/320050767/Source/Repos/G7CaseStudy13/StaticAnalyzer/StaticAnalyzer/Properties/AssemblyInfo.cs</FileName>
<SourceLines>36</SourceLines>
<CSharpCodeLines>15</CSharpCodeLines>
<CommentLines>17</CommentLines>
<Types>0</Types>
<Methods>0</Methods>
<AggregateCyclomaticComplexity>0</AggregateCyclomaticComplexity>
<MeanCyclomaticComplexity>0.00</MeanCyclomaticComplexity>
<MedianCyclomaticComplexity>0.00</MedianCyclomaticComplexity>
<Conditionals>0</Conditionals>
<DecisionDensity>0.00</DecisionDensity>
<MaxLoopDepth>0</MaxLoopDepth>
<MaxConditionalDepth>0</MaxConditionalDepth>
<HalsteadUniqueOperators>6</HalsteadUniqueOperators>
<HalsteadUniqueOperands>29</HalsteadUniqueOperands>
<HalsteadOperatorOccurrence>47</HalsteadOperatorOccurrence>
<HalsteadOperandOccurrence>49</HalsteadOperandOccurrence>
<HalsteadProgramLength>96</HalsteadProgramLength>
<HalsteadProgramVocabulary>35</HalsteadProgramVocabulary>
<HalsteadProgramVolume>0.00</HalsteadProgramVolume>
<HalsteadProgramDifficulty>0.00</HalsteadProgramDifficulty>
<HalsteadProgramEffort>0.00</HalsteadProgramEffort>
<HalsteadBugPrediction>0.00</HalsteadBugPrediction>
<SEIMaintainabilityIndex>0.00</SEIMaintainabilityIndex>
</FileSummary>
<TypeMetricsList>
</TypeMetricsList>
</FileMetrics>
<FileMetrics>
<FileSummary>
<FileName>C:/Users/320050767/Source/Repos/G7CaseStudy13/StaticAnalyzer/StaticAnalyzer/StaticAnalysis.cs</FileName>
<SourceLines>70</SourceLines>
<CSharpCodeLines>62</CSharpCodeLines>
<CommentLines>1</CommentLines>
<Types>1</Types>
<Methods>3</Methods>
<AggregateCyclomaticComplexity>8</AggregateCyclomaticComplexity>
<MeanCyclomaticComplexity>2.67</MeanCyclomaticComplexity>
<MedianCyclomaticComplexity>3.00</MedianCyclomaticComplexity>
<Conditionals>6</Conditionals>
<DecisionDensity>0.15</DecisionDensity>
<MaxLoopDepth>1</MaxLoopDepth>
<LineNumber>57</LineNumber>
<MaxConditionalDepth>3</MaxConditionalDepth>
<LineNumber>22</LineNumber>
<HalsteadUniqueOperators>25</HalsteadUniqueOperators>
<HalsteadUniqueOperands>63</HalsteadUniqueOperands>
<HalsteadOperatorOccurrence>138</HalsteadOperatorOccurrence>
<HalsteadOperandOccurrence>115</HalsteadOperandOccurrence>
<HalsteadProgramLength>253</HalsteadProgramLength>
<HalsteadProgramVocabulary>88</HalsteadProgramVocabulary>
<HalsteadProgramVolume>1634.24</HalsteadProgramVolume>
<HalsteadProgramDifficulty>22.82</HalsteadProgramDifficulty>
<HalsteadProgramEffort>37289.12</HalsteadProgramEffort>
<HalsteadBugPrediction>0.54</HalsteadBugPrediction>
<SEIMaintainabilityIndex>100.07</SEIMaintainabilityIndex>
</FileSummary>
<TypeMetricsList>
<TypeMetrics>
<TypeSummary>
<TypeName>StaticAnalysisApplication</TypeName>
<LineNumber>10</LineNumber>
<CSharpCodeLines>54</CSharpCodeLines>
<CommentLines>1</CommentLines>
<Methods>3</Methods>
<AggregateCyclomaticComplexity>8</AggregateCyclomaticComplexity>
<MeanCyclomaticComplexity>2.67</MeanCyclomaticComplexity>
<MedianCyclomaticComplexity>3.00</MedianCyclomaticComplexity>
<Conditionals>6</Conditionals>
<DecisionDensity>0.15</DecisionDensity>
<MaxLoopDepth>1</MaxLoopDepth>
<LineNumber>57</LineNumber>
<MaxConditionalDepth>3</MaxConditionalDepth>
<LineNumber>22</LineNumber>
<HalsteadUniqueOperators>23</HalsteadUniqueOperators>
<HalsteadUniqueOperands>47</HalsteadUniqueOperands>
<HalsteadOperatorOccurrence>117</HalsteadOperatorOccurrence>
<HalsteadOperandOccurrence>94</HalsteadOperandOccurrence>
<HalsteadProgramLength>211</HalsteadProgramLength>
<HalsteadProgramVocabulary>70</HalsteadProgramVocabulary>
<HalsteadProgramVolume>1293.28</HalsteadProgramVolume>
<HalsteadProgramDifficulty>23.00</HalsteadProgramDifficulty>
<HalsteadProgramEffort>29745.41</HalsteadProgramEffort>
<HalsteadBugPrediction>0.43</HalsteadBugPrediction>
<SEIMaintainabilityIndex>102.31</SEIMaintainabilityIndex>
</TypeSummary>
<MethodMetricsList>
<MethodMetrics>
<MethodName>IntializeToolsList</MethodName>
<LineNumber>18</LineNumber>
<CSharpCodeLines>28</CSharpCodeLines>
<CommentLines>1</CommentLines>
<CyclomaticComplexity>4</CyclomaticComplexity>
<Conditionals>3</Conditionals>
<DecisionDensity>0.14</DecisionDensity>
<MaxLoopDepth>1</MaxLoopDepth>
<LineNumber>22</LineNumber>
<MaxConditionalDepth>3</MaxConditionalDepth>
<LineNumber>22</LineNumber>
<HalsteadUniqueOperators>19</HalsteadUniqueOperators>
<HalsteadUniqueOperands>35</HalsteadUniqueOperands>
<HalsteadOperatorOccurrence>83</HalsteadOperatorOccurrence>
<HalsteadOperandOccurrence>63</HalsteadOperandOccurrence>
<HalsteadProgramLength>146</HalsteadProgramLength>
<HalsteadProgramVocabulary>54</HalsteadProgramVocabulary>
<HalsteadProgramVolume>840.21</HalsteadProgramVolume>
<HalsteadProgramDifficulty>17.10</HalsteadProgramDifficulty>
<HalsteadProgramEffort>14367.65</HalsteadProgramEffort>
<HalsteadBugPrediction>0.28</HalsteadBugPrediction>
<SEIMaintainabilityIndex>96.68</SEIMaintainabilityIndex>
</MethodMetrics>
<MethodMetrics>
<MethodName>Run</MethodName>
<LineNumber>52</LineNumber>
<CSharpCodeLines>17</CSharpCodeLines>
<CommentLines>0</CommentLines>
<CyclomaticComplexity>3</CyclomaticComplexity>
<Conditionals>3</Conditionals>
<DecisionDensity>0.18</DecisionDensity>
<MaxLoopDepth>1</MaxLoopDepth>
<LineNumber>57</LineNumber>
<MaxConditionalDepth>1</MaxConditionalDepth>
<LineNumber>55</LineNumber>
<HalsteadUniqueOperators>11</HalsteadUniqueOperators>
<HalsteadUniqueOperands>12</HalsteadUniqueOperands>
<HalsteadOperatorOccurrence>24</HalsteadOperatorOccurrence>
<HalsteadOperandOccurrence>18</HalsteadOperandOccurrence>
<HalsteadProgramLength>42</HalsteadProgramLength>
<HalsteadProgramVocabulary>23</HalsteadProgramVocabulary>
<HalsteadProgramVolume>189.99</HalsteadProgramVolume>
<HalsteadProgramDifficulty>8.25</HalsteadProgramDifficulty>
<HalsteadProgramEffort>1567.41</HalsteadProgramEffort>
<HalsteadBugPrediction>0.06</HalsteadBugPrediction>
<SEIMaintainabilityIndex>97.13</SEIMaintainabilityIndex>
</MethodMetrics>
<MethodMetrics>
<MethodName>StaticAnalysisApplicationconstructor</MethodName>
<LineNumber>13</LineNumber>
<CSharpCodeLines>4</CSharpCodeLines>
<CommentLines>0</CommentLines>
<CyclomaticComplexity>1</CyclomaticComplexity>
<Conditionals>0</Conditionals>
<DecisionDensity>0.25</DecisionDensity>
<MaxLoopDepth>0</MaxLoopDepth>
<MaxConditionalDepth>0</MaxConditionalDepth>
<HalsteadUniqueOperators>5</HalsteadUniqueOperators>
<HalsteadUniqueOperands>7</HalsteadUniqueOperands>
<HalsteadOperatorOccurrence>6</HalsteadOperatorOccurrence>
<HalsteadOperandOccurrence>8</HalsteadOperandOccurrence>
<HalsteadProgramLength>14</HalsteadProgramLength>
<HalsteadProgramVocabulary>12</HalsteadProgramVocabulary>
<HalsteadProgramVolume>50.19</HalsteadProgramVolume>
<HalsteadProgramDifficulty>2.86</HalsteadProgramDifficulty>
<HalsteadProgramEffort>143.40</HalsteadProgramEffort>
<HalsteadBugPrediction>0.02</HalsteadBugPrediction>
<SEIMaintainabilityIndex>127.95</SEIMaintainabilityIndex>
</MethodMetrics>
</MethodMetricsList>
</TypeMetrics>
</TypeMetricsList>
</FileMetrics>
<FileMetrics>
<FileSummary>
<FileName>C:/Users/320050767/Source/Repos/G7CaseStudy13/StaticAnalyzer/StaticAnalyzer/obj/Debug/TemporaryGeneratedFile_036C0B5B-1481-4323-8D20-8F5ADCB23D92.cs</FileName>
<SourceLines>0</SourceLines>
<CSharpCodeLines>0</CSharpCodeLines>
<CommentLines>0</CommentLines>
<Types>0</Types>
<Methods>0</Methods>
<AggregateCyclomaticComplexity>0</AggregateCyclomaticComplexity>
<MeanCyclomaticComplexity>0.00</MeanCyclomaticComplexity>
<MedianCyclomaticComplexity>0.00</MedianCyclomaticComplexity>
<Conditionals>0</Conditionals>
<DecisionDensity>0.00</DecisionDensity>
<MaxLoopDepth>0</MaxLoopDepth>
<MaxConditionalDepth>0</MaxConditionalDepth>
<HalsteadUniqueOperators>0</HalsteadUniqueOperators>
<HalsteadUniqueOperands>0</HalsteadUniqueOperands>
<HalsteadOperatorOccurrence>0</HalsteadOperatorOccurrence>
<HalsteadOperandOccurrence>0</HalsteadOperandOccurrence>
<HalsteadProgramLength>0</HalsteadProgramLength>
<HalsteadProgramVocabulary>0</HalsteadProgramVocabulary>
<HalsteadProgramVolume>0.00</HalsteadProgramVolume>
<HalsteadProgramDifficulty>0.00</HalsteadProgramDifficulty>
<HalsteadProgramEffort>0.00</HalsteadProgramEffort>
<HalsteadBugPrediction>0.00</HalsteadBugPrediction>
<SEIMaintainabilityIndex>0.00</SEIMaintainabilityIndex>
</FileSummary>
<TypeMetricsList>
</TypeMetricsList>
</FileMetrics>
<FileMetrics>
<FileSummary>
<FileName>C:/Users/320050767/Source/Repos/G7CaseStudy13/StaticAnalyzer/StaticAnalyzer/obj/Debug/TemporaryGeneratedFile_5937a670-0e60-4077-877b-f7221da3dda1.cs</FileName>
<SourceLines>0</SourceLines>
<CSharpCodeLines>0</CSharpCodeLines>
<CommentLines>0</CommentLines>
<Types>0</Types>
<Methods>0</Methods>
<AggregateCyclomaticComplexity>0</AggregateCyclomaticComplexity>
<MeanCyclomaticComplexity>0.00</MeanCyclomaticComplexity>
<MedianCyclomaticComplexity>0.00</MedianCyclomaticComplexity>
<Conditionals>0</Conditionals>
<DecisionDensity>0.00</DecisionDensity>
<MaxLoopDepth>0</MaxLoopDepth>
<MaxConditionalDepth>0</MaxConditionalDepth>
<HalsteadUniqueOperators>0</HalsteadUniqueOperators>
<HalsteadUniqueOperands>0</HalsteadUniqueOperands>
<HalsteadOperatorOccurrence>0</HalsteadOperatorOccurrence>
<HalsteadOperandOccurrence>0</HalsteadOperandOccurrence>
<HalsteadProgramLength>0</HalsteadProgramLength>
<HalsteadProgramVocabulary>0</HalsteadProgramVocabulary>
<HalsteadProgramVolume>0.00</HalsteadProgramVolume>
<HalsteadProgramDifficulty>0.00</HalsteadProgramDifficulty>
<HalsteadProgramEffort>0.00</HalsteadProgramEffort>
<HalsteadBugPrediction>0.00</HalsteadBugPrediction>
<SEIMaintainabilityIndex>0.00</SEIMaintainabilityIndex>
</FileSummary>
<TypeMetricsList>
</TypeMetricsList>
</FileMetrics>
<FileMetrics>
<FileSummary>
<FileName>C:/Users/320050767/Source/Repos/G7CaseStudy13/StaticAnalyzer/StaticAnalyzer/obj/Debug/TemporaryGeneratedFile_E7A71F73-0F8D-4B9B-B56E-8E70B10BC5D3.cs</FileName>
<SourceLines>0</SourceLines>
<CSharpCodeLines>0</CSharpCodeLines>
<CommentLines>0</CommentLines>
<Types>0</Types>
<Methods>0</Methods>
<AggregateCyclomaticComplexity>0</AggregateCyclomaticComplexity>
<MeanCyclomaticComplexity>0.00</MeanCyclomaticComplexity>
<MedianCyclomaticComplexity>0.00</MedianCyclomaticComplexity>
<Conditionals>0</Conditionals>
<DecisionDensity>0.00</DecisionDensity>
<MaxLoopDepth>0</MaxLoopDepth>
<MaxConditionalDepth>0</MaxConditionalDepth>
<HalsteadUniqueOperators>0</HalsteadUniqueOperators>
<HalsteadUniqueOperands>0</HalsteadUniqueOperands>
<HalsteadOperatorOccurrence>0</HalsteadOperatorOccurrence>
<HalsteadOperandOccurrence>0</HalsteadOperandOccurrence>
<HalsteadProgramLength>0</HalsteadProgramLength>
<HalsteadProgramVocabulary>0</HalsteadProgramVocabulary>
<HalsteadProgramVolume>0.00</HalsteadProgramVolume>
<HalsteadProgramDifficulty>0.00</HalsteadProgramDifficulty>
<HalsteadProgramEffort>0.00</HalsteadProgramEffort>
<HalsteadBugPrediction>0.00</HalsteadBugPrediction>
<SEIMaintainabilityIndex>0.00</SEIMaintainabilityIndex>
</FileSummary>
<TypeMetricsList>
</TypeMetricsList>
</FileMetrics>
<FileMetrics>
<FileSummary>
<FileName>C:/Users/320050767/Source/Repos/G7CaseStudy13/StaticAnalyzer/Test/TestClass.cs</FileName>
<SourceLines>69</SourceLines>
<CSharpCodeLines>53</CSharpCodeLines>
<CommentLines>10</CommentLines>
<Types>1</Types>
<Methods>1</Methods>
<AggregateCyclomaticComplexity>5</AggregateCyclomaticComplexity>
<MeanCyclomaticComplexity>5.00</MeanCyclomaticComplexity>
<MedianCyclomaticComplexity>5.00</MedianCyclomaticComplexity>
<Conditionals>4</Conditionals>
<DecisionDensity>0.11</DecisionDensity>
<MaxLoopDepth>0</MaxLoopDepth>
<MaxConditionalDepth>1</MaxConditionalDepth>
<LineNumber>29</LineNumber>
<HalsteadUniqueOperators>11</HalsteadUniqueOperators>
<HalsteadUniqueOperands>43</HalsteadUniqueOperands>
<HalsteadOperatorOccurrence>93</HalsteadOperatorOccurrence>
<HalsteadOperandOccurrence>78</HalsteadOperandOccurrence>
<HalsteadProgramLength>171</HalsteadProgramLength>
<HalsteadProgramVocabulary>54</HalsteadProgramVocabulary>
<HalsteadProgramVolume>984.09</HalsteadProgramVolume>
<HalsteadProgramDifficulty>9.98</HalsteadProgramDifficulty>
<HalsteadProgramEffort>9817.97</HalsteadProgramEffort>
<HalsteadBugPrediction>0.33</HalsteadBugPrediction>
<SEIMaintainabilityIndex>106.46</SEIMaintainabilityIndex>
</FileSummary>
<TypeMetricsList>
<TypeMetrics>
<TypeSummary>
<TypeName>TestClass</TypeName>
<LineNumber>9</LineNumber>
<CSharpCodeLines>45</CSharpCodeLines>
<CommentLines>10</CommentLines>
<Methods>1</Methods>
<AggregateCyclomaticComplexity>5</AggregateCyclomaticComplexity>
<MeanCyclomaticComplexity>5.00</MeanCyclomaticComplexity>
<MedianCyclomaticComplexity>5.00</MedianCyclomaticComplexity>
<Conditionals>4</Conditionals>
<DecisionDensity>0.11</DecisionDensity>
<MaxLoopDepth>0</MaxLoopDepth>
<MaxConditionalDepth>1</MaxConditionalDepth>
<LineNumber>29</LineNumber>
<HalsteadUniqueOperators>9</HalsteadUniqueOperators>
<HalsteadUniqueOperands>28</HalsteadUniqueOperands>
<HalsteadOperatorOccurrence>73</HalsteadOperatorOccurrence>
<HalsteadOperandOccurrence>59</HalsteadOperandOccurrence>
<HalsteadProgramLength>132</HalsteadProgramLength>
<HalsteadProgramVocabulary>37</HalsteadProgramVocabulary>
<HalsteadProgramVolume>687.65</HalsteadProgramVolume>
<HalsteadProgramDifficulty>9.48</HalsteadProgramDifficulty>
<HalsteadProgramEffort>6520.38</HalsteadProgramEffort>
<HalsteadBugPrediction>0.23</HalsteadBugPrediction>
<SEIMaintainabilityIndex>109.11</SEIMaintainabilityIndex>
</TypeSummary>
<MethodMetricsList>
<MethodMetrics>
<MethodName>Main</MethodName>
<LineNumber>11</LineNumber>
<CSharpCodeLines>41</CSharpCodeLines>
<CommentLines>10</CommentLines>
<CyclomaticComplexity>5</CyclomaticComplexity>
<Conditionals>4</Conditionals>
<DecisionDensity>0.12</DecisionDensity>
<MaxLoopDepth>0</MaxLoopDepth>
<MaxConditionalDepth>1</MaxConditionalDepth>
<LineNumber>29</LineNumber>
<HalsteadUniqueOperators>8</HalsteadUniqueOperators>
<HalsteadUniqueOperands>27</HalsteadUniqueOperands>
<HalsteadOperatorOccurrence>71</HalsteadOperatorOccurrence>
<HalsteadOperandOccurrence>58</HalsteadOperandOccurrence>
<HalsteadProgramLength>129</HalsteadProgramLength>
<HalsteadProgramVocabulary>35</HalsteadProgramVocabulary>
<HalsteadProgramVolume>661.68</HalsteadProgramVolume>
<HalsteadProgramDifficulty>8.59</HalsteadProgramDifficulty>
<HalsteadProgramEffort>5685.53</HalsteadProgramEffort>
<HalsteadBugPrediction>0.22</HalsteadBugPrediction>
<SEIMaintainabilityIndex>110.62</SEIMaintainabilityIndex>
</MethodMetrics>
</MethodMetricsList>
</TypeMetrics>
</TypeMetricsList>
</FileMetrics>
<FileMetrics>
<FileSummary>
<FileName>C:/Users/320050767/Source/Repos/G7CaseStudy13/StaticAnalyzer/Test/obj/Debug/TemporaryGeneratedFile_036C0B5B-1481-4323-8D20-8F5ADCB23D92.cs</FileName>
<SourceLines>0</SourceLines>
<CSharpCodeLines>0</CSharpCodeLines>
<CommentLines>0</CommentLines>
<Types>0</Types>
<Methods>0</Methods>
<AggregateCyclomaticComplexity>0</AggregateCyclomaticComplexity>
<MeanCyclomaticComplexity>0.00</MeanCyclomaticComplexity>
<MedianCyclomaticComplexity>0.00</MedianCyclomaticComplexity>
<Conditionals>0</Conditionals>
<DecisionDensity>0.00</DecisionDensity>
<MaxLoopDepth>0</MaxLoopDepth>
<MaxConditionalDepth>0</MaxConditionalDepth>
<HalsteadUniqueOperators>0</HalsteadUniqueOperators>
<HalsteadUniqueOperands>0</HalsteadUniqueOperands>
<HalsteadOperatorOccurrence>0</HalsteadOperatorOccurrence>
<HalsteadOperandOccurrence>0</HalsteadOperandOccurrence>
<HalsteadProgramLength>0</HalsteadProgramLength>
<HalsteadProgramVocabulary>0</HalsteadProgramVocabulary>
<HalsteadProgramVolume>0.00</HalsteadProgramVolume>
<HalsteadProgramDifficulty>0.00</HalsteadProgramDifficulty>
<HalsteadProgramEffort>0.00</HalsteadProgramEffort>
<HalsteadBugPrediction>0.00</HalsteadBugPrediction>
<SEIMaintainabilityIndex>0.00</SEIMaintainabilityIndex>
</FileSummary>
<TypeMetricsList>
</TypeMetricsList>
</FileMetrics>
<FileMetrics>
<FileSummary>
<FileName>C:/Users/320050767/Source/Repos/G7CaseStudy13/StaticAnalyzer/Test/obj/Debug/TemporaryGeneratedFile_5937a670-0e60-4077-877b-f7221da3dda1.cs</FileName>
<SourceLines>0</SourceLines>
<CSharpCodeLines>0</CSharpCodeLines>
<CommentLines>0</CommentLines>
<Types>0</Types>
<Methods>0</Methods>
<AggregateCyclomaticComplexity>0</AggregateCyclomaticComplexity>
<MeanCyclomaticComplexity>0.00</MeanCyclomaticComplexity>
<MedianCyclomaticComplexity>0.00</MedianCyclomaticComplexity>
<Conditionals>0</Conditionals>
<DecisionDensity>0.00</DecisionDensity>
<MaxLoopDepth>0</MaxLoopDepth>
<MaxConditionalDepth>0</MaxConditionalDepth>
<HalsteadUniqueOperators>0</HalsteadUniqueOperators>
<HalsteadUniqueOperands>0</HalsteadUniqueOperands>
<HalsteadOperatorOccurrence>0</HalsteadOperatorOccurrence>
<HalsteadOperandOccurrence>0</HalsteadOperandOccurrence>
<HalsteadProgramLength>0</HalsteadProgramLength>
<HalsteadProgramVocabulary>0</HalsteadProgramVocabulary>
<HalsteadProgramVolume>0.00</HalsteadProgramVolume>
<HalsteadProgramDifficulty>0.00</HalsteadProgramDifficulty>
<HalsteadProgramEffort>0.00</HalsteadProgramEffort>
<HalsteadBugPrediction>0.00</HalsteadBugPrediction>
<SEIMaintainabilityIndex>0.00</SEIMaintainabilityIndex>
</FileSummary>
<TypeMetricsList>
</TypeMetricsList>
</FileMetrics>
<FileMetrics>
<FileSummary>
<FileName>C:/Users/320050767/Source/Repos/G7CaseStudy13/StaticAnalyzer/Test/obj/Debug/TemporaryGeneratedFile_E7A71F73-0F8D-4B9B-B56E-8E70B10BC5D3.cs</FileName>
<SourceLines>0</SourceLines>
<CSharpCodeLines>0</CSharpCodeLines>
<CommentLines>0</CommentLines>
<Types>0</Types>
<Methods>0</Methods>
<AggregateCyclomaticComplexity>0</AggregateCyclomaticComplexity>
<MeanCyclomaticComplexity>0.00</MeanCyclomaticComplexity>
<MedianCyclomaticComplexity>0.00</MedianCyclomaticComplexity>
<Conditionals>0</Conditionals>
<DecisionDensity>0.00</DecisionDensity>
<MaxLoopDepth>0</MaxLoopDepth>
<MaxConditionalDepth>0</MaxConditionalDepth>
<HalsteadUniqueOperators>0</HalsteadUniqueOperators>
<HalsteadUniqueOperands>0</HalsteadUniqueOperands>
<HalsteadOperatorOccurrence>0</HalsteadOperatorOccurrence>
<HalsteadOperandOccurrence>0</HalsteadOperandOccurrence>
<HalsteadProgramLength>0</HalsteadProgramLength>
<HalsteadProgramVocabulary>0</HalsteadProgramVocabulary>
<HalsteadProgramVolume>0.00</HalsteadProgramVolume>
<HalsteadProgramDifficulty>0.00</HalsteadProgramDifficulty>
<HalsteadProgramEffort>0.00</HalsteadProgramEffort>
<HalsteadBugPrediction>0.00</HalsteadBugPrediction>
<SEIMaintainabilityIndex>0.00</SEIMaintainabilityIndex>
</FileSummary>
<TypeMetricsList>
</TypeMetricsList>
</FileMetrics>
</FileMetricsList>
</MetricsReport>
